frame_id,track_id,center_x,center_y,width,height,angle,confidence,detected
1,1,1265.0,875.0,259.0,177.0,1.7462456226348877,0.9512612819671631,True
1,2,1691.0,875.0,254.0,174.0,0.4685305953025818,0.9446791410446167,True
1,3,878.0,1092.0,297.0,153.0,-0.19809114933013916,0.9432306885719299,True
1,4,1701.0,1017.0,230.0,158.0,-0.4799509048461914,0.9401857256889343,True
1,5,1718.0,1155.0,252.0,168.0,1.7737668752670288,0.9400976896286011,True
1,6,903.0,959.0,278.0,153.0,-0.2670004069805145,0.9397771954536438,True
1,7,1459.0,1310.0,259.0,161.0,1.2817050218582153,0.9394406080245972,True
1,8,835.0,782.0,314.0,155.0,2.1189305782318115,0.9365615844726562,True
1,9,1591.0,1213.0,263.0,163.0,0.6941085457801819,0.935356080532074,True
1,10,715.0,1327.0,233.0,172.0,2.229764223098755,0.9347463250160217,True
1,11,974.0,1262.0,271.0,150.0,1.0530306100845337,0.9340969324111938,True
1,12,1427.0,423.0,282.0,158.0,1.9442481994628906,0.9302437901496887,True
1,13,843.0,1291.0,284.0,140.0,1.4724193811416626,0.9206012487411499,True
1,14,1235.0,1300.0,310.0,175.0,0.9321337938308716,0.9205865859985352,True
1,15,1292.0,1420.0,242.0,164.0,-0.3538314998149872,0.910541832447052,True
2,1,1265.0,875.0,259.0,178.0,1.740201473236084,0.9514597654342651,True
2,2,1691.0,875.0,254.0,174.0,0.4699031710624695,0.9446653127670288,True
2,3,878.0,1093.0,297.0,153.0,-0.1998647153377533,0.9431286454200745,True
2,4,1701.0,1017.0,230.0,158.0,-0.4794766902923584,0.9396796822547913,True
2,5,1717.0,1155.0,252.0,168.0,1.7754470109939575,0.9411641955375671,True
2,6,903.0,958.0,279.0,154.0,-0.2715940475463867,0.9395844340324402,True
2,7,1459.0,1309.0,257.0,162.0,1.267868161201477,0.9397428631782532,True
2,8,835.0,782.0,313.0,155.0,2.118575096130371,0.9366332292556763,True
2,9,1591.0,1213.0,263.0,163.0,0.6947281360626221,0.9355987906455994,True
2,10,715.0,1327.0,232.0,172.0,2.234264612197876,0.9347084164619446,True
2,11,975.0,1263.0,271.0,150.0,1.0530637502670288,0.9343401789665222,True
2,12,1427.0,424.0,282.0,158.0,1.9442106485366821,0.929866373538971,True
2,13,843.0,1291.0,284.0,140.0,1.4746698141098022,0.9221007823944092,True
2,14,1217.0,1275.0,241.0,169.0,0.8492194414138794,0.9193758964538574,True
2,15,1289.0,1430.0,237.0,144.0,-0.309285044670105,0.8958303928375244,True
2,16,1266.0,1363.0,196.0,132.0,0.16765247285366058,0.8558388352394104,True
3,1,1265.0,875.0,259.0,178.0,1.7404261827468872,0.9514341950416565,True
3,2,1691.0,875.0,254.0,174.0,0.4686572551727295,0.9447676539421082,True
3,3,878.0,1092.0,298.0,154.0,-0.20008398592472076,0.9433425068855286,True
3,4,1701.0,1017.0,230.0,158.0,-0.47886520624160767,0.9397761225700378,True
3,5,1717.0,1155.0,253.0,169.0,1.778350591659546,0.9409635066986084,True
3,6,903.0,958.0,279.0,155.0,-0.26723629236221313,0.9393467903137207,True
3,7,1458.0,1310.0,258.0,161.0,1.271051049232483,0.9401546716690063,True
3,8,835.0,782.0,313.0,155.0,2.1180145740509033,0.9364750981330872,True
3,9,1591.0,1213.0,263.0,163.0,0.691647469997406,0.9357300996780396,True
3,10,715.0,1327.0,233.0,172.0,2.230341911315918,0.9350088834762573,True
3,11,975.0,1263.0,271.0,150.0,1.0518419742584229,0.9345804452896118,True
3,12,1426.0,424.0,283.0,158.0,1.9439188241958618,0.9294397234916687,True
3,13,843.0,1291.0,284.0,140.0,1.4736467599868774,0.9227288365364075,True
3,14,1215.0,1276.0,236.0,177.0,0.769302248954773,0.9191088080406189,True
3,15,1292.0,1429.0,241.0,147.0,-0.338277131319046,0.8907918334007263,True
3,16,1264.0,1373.0,196.0,126.0,0.1850694864988327,0.877254843711853,True
4,1,1265.0,875.0,259.0,178.0,1.739452838897705,0.951470136642456,True
4,2,1691.0,875.0,254.0,174.0,0.4648551642894745,0.9452061057090759,True
4,3,878.0,1092.0,298.0,153.0,-0.19766555726528168,0.9434040188789368,True
4,4,1701.0,1017.0,230.0,158.0,-0.48045873641967773,0.9397695660591125,True
4,5,1717.0,1155.0,253.0,168.0,1.7869453430175781,0.9409796595573425,True
4,6,903.0,958.0,279.0,155.0,-0.26943647861480713,0.9400386810302734,True
4,7,1459.0,1309.0,258.0,162.0,1.2577049732208252,0.9399427175521851,True
4,8,835.0,783.0,312.0,155.0,2.1194679737091064,0.9364256858825684,True
4,9,1591.0,1213.0,264.0,162.0,0.6867396235466003,0.9361264109611511,True
4,10,715.0,1327.0,233.0,172.0,2.226677417755127,0.9353043437004089,True
4,11,974.0,1262.0,271.0,150.0,1.0529875755310059,0.934861421585083,True
4,12,1426.0,424.0,284.0,158.0,1.9431376457214355,0.9295649528503418,True
4,13,842.0,1290.0,283.0,140.0,1.4724063873291016,0.9229903817176819,True
4,14,1216.0,1279.0,238.0,171.0,0.9294862151145935,0.9118527770042419,True
4,15,1293.0,1428.0,242.0,149.0,-0.3668527603149414,0.8859684467315674,True
4,16,1263.0,1376.0,204.0,131.0,0.20920440554618835,0.8637784123420715,True
5,1,1265.0,875.0,259.0,178.0,1.7386771440505981,0.9513277411460876,True
5,2,1691.0,875.0,255.0,174.0,0.4669515788555145,0.9445880651473999,True
5,3,878.0,1092.0,298.0,153.0,-0.19807550311088562,0.9431737661361694,True
5,4,1701.0,1017.0,230.0,158.0,-0.4827572703361511,0.9395195245742798,True
5,5,1718.0,1155.0,253.0,169.0,1.7909759283065796,0.940894603729248,True
5,6,903.0,958.0,279.0,155.0,-0.26966455578804016,0.9398813247680664,True
5,7,1459.0,1309.0,258.0,162.0,1.261918306350708,0.9399142861366272,True
5,8,835.0,783.0,313.0,155.0,2.1113529205322266,0.9377869963645935,True
5,9,1591.0,1213.0,264.0,163.0,0.6910209059715271,0.9359440207481384,True
5,10,715.0,1327.0,233.0,172.0,2.2297468185424805,0.9349794983863831,True
5,11,975.0,1263.0,276.0,153.0,1.0379533767700195,0.9343723654747009,True
5,12,1426.0,424.0,285.0,159.0,1.9427616596221924,0.9293949007987976,True
5,13,842.0,1290.0,284.0,140.0,1.4721887111663818,0.9234221577644348,True
5,14,1216.0,1281.0,242.0,173.0,0.8482226729393005,0.9075783491134644,True
5,15,1294.0,1424.0,248.0,158.0,-0.3813662827014923,0.8796278834342957,True
5,16,1260.0,1378.0,202.0,137.0,0.12074678391218185,0.8288521766662598,True
6,1,1265.0,875.0,259.0,178.0,1.7341458797454834,0.9514285922050476,True
6,2,1691.0,875.0,254.0,174.0,0.4712599813938141,0.9445688128471375,True
6,3,878.0,1092.0,298.0,153.0,-0.19810739159584045,0.9430462121963501,True
6,4,1701.0,1017.0,230.0,158.0,-0.4892413914203644,0.939422607421875,True
6,5,1717.0,1156.0,255.0,168.0,1.7893847227096558,0.9407021403312683,True
6,6,903.0,958.0,279.0,155.0,-0.27023637294769287,0.9400748014450073,True
6,7,1458.0,1309.0,258.0,161.0,1.2654718160629272,0.9400784969329834,True
6,8,835.0,783.0,312.0,155.0,2.1110517978668213,0.9378750920295715,True
6,9,1591.0,1213.0,265.0,163.0,0.689862072467804,0.9361755847930908,True
6,10,715.0,1327.0,233.0,172.0,2.2254488468170166,0.9349396824836731,True
6,11,975.0,1262.0,277.0,153.0,1.038909673690796,0.9348469376564026,True
6,12,1426.0,424.0,284.0,159.0,1.9462679624557495,0.9296998381614685,True
6,13,842.0,1290.0,284.0,140.0,1.4730721712112427,0.9236740469932556,True
6,14,1215.0,1280.0,240.0,173.0,0.8307444453239441,0.9085344076156616,True
6,15,1294.0,1424.0,247.0,156.0,-0.3689618408679962,0.8809071183204651,True
6,16,1260.0,1378.0,202.0,136.0,0.11740130931138992,0.8422738909721375,True
7,1,1265.0,875.0,258.0,178.0,1.7451127767562866,0.9515644907951355,True
7,2,1691.0,875.0,253.0,174.0,0.47218579053878784,0.9444676637649536,True
7,3,877.0,1093.0,299.0,153.0,-0.19709092378616333,0.9430729150772095,True
7,4,1701.0,1017.0,230.0,158.0,-0.49038317799568176,0.9393978714942932,True
7,5,1718.0,1156.0,255.0,168.0,1.7881641387939453,0.9413484930992126,True
7,6,898.0,960.0,290.0,155.0,-0.25933995842933655,0.9377445578575134,True
7,7,1458.0,1309.0,258.0,161.0,1.2681281566619873,0.9402337074279785,True
7,8,835.0,784.0,313.0,154.0,2.1011316776275635,0.9370370507240295,True
7,9,1592.0,1213.0,265.0,163.0,0.6870556473731995,0.9363375902175903,True
7,10,715.0,1327.0,232.0,172.0,2.220640182495117,0.9354245662689209,True
7,11,975.0,1262.0,277.0,153.0,1.039776086807251,0.9352458119392395,True
7,12,1426.0,424.0,285.0,158.0,1.9431787729263306,0.9296711683273315,True
7,13,842.0,1290.0,281.0,140.0,1.4819300174713135,0.9236042499542236,True
7,14,1219.0,1285.0,249.0,174.0,0.7920636534690857,0.9043614268302917,True
7,15,1290.0,1423.0,245.0,160.0,-0.36743059754371643,0.8691298961639404,True
7,16,1272.0,1381.0,217.0,152.0,-0.20082925260066986,0.8122617602348328,True
8,1,1265.0,875.0,258.0,178.0,1.7404018640518188,0.9513123035430908,True
8,2,1691.0,875.0,253.0,174.0,0.4694857597351074,0.9445170164108276,True
8,3,877.0,1092.0,298.0,153.0,-0.19958579540252686,0.9434103965759277,True
8,4,1701.0,1017.0,229.0,158.0,-0.4899978041648865,0.939509928226471,True
8,5,1718.0,1156.0,255.0,169.0,1.7913517951965332,0.9415170550346375,True
8,6,897.0,960.0,291.0,155.0,-0.2513446807861328,0.9381291270256042,True
8,7,1459.0,1309.0,257.0,162.0,1.2630071640014648,0.9395764470100403,True
8,8,836.0,783.0,315.0,154.0,2.089461326599121,0.9373671412467957,True
8,9,1592.0,1213.0,264.0,162.0,0.6843470335006714,0.9363778829574585,True
8,10,715.0,1327.0,232.0,172.0,2.2313730716705322,0.9351856708526611,True
8,11,975.0,1262.0,277.0,153.0,1.0299737453460693,0.9355263113975525,True
8,12,1426.0,425.0,285.0,158.0,1.936155080795288,0.9294576644897461,True
8,13,842.0,1291.0,285.0,140.0,1.4721612930297852,0.923128604888916,True
8,14,1214.0,1284.0,231.0,173.0,0.7343689799308777,0.913055419921875,True
8,15,1289.0,1415.0,243.0,169.0,-0.3468143939971924,0.8425247073173523,True
8,16,1272.0,1381.0,,,,,False
9,1,1265.0,875.0,258.0,179.0,1.7436150312423706,0.9512491822242737,True
9,2,1691.0,875.0,253.0,174.0,0.4744635224342346,0.9442999362945557,True
9,3,877.0,1092.0,298.0,152.0,-0.1984701007604599,0.9426792860031128,True
9,4,1701.0,1017.0,229.0,158.0,-0.4924246072769165,0.939657986164093,True
9,5,1718.0,1156.0,254.0,169.0,1.7938774824142456,0.9416033029556274,True
9,6,897.0,960.0,291.0,155.0,-0.25566723942756653,0.9379528164863586,True
9,7,1458.0,1309.0,258.0,161.0,1.2686768770217896,0.9398888945579529,True
9,8,836.0,783.0,316.0,154.0,2.091379404067993,0.9370152950286865,True
9,9,1592.0,1213.0,264.0,162.0,0.6842396259307861,0.9362412095069885,True
9,10,715.0,1327.0,232.0,171.0,2.2309396266937256,0.9358323812484741,True
9,11,975.0,1263.0,272.0,154.0,1.03290855884552,0.9345030784606934,True
9,12,1426.0,425.0,285.0,158.0,1.9345777034759521,0.9293841123580933,True
9,13,842.0,1289.0,286.0,140.0,1.4743874073028564,0.9238410592079163,True
9,14,1215.0,1290.0,229.0,178.0,0.6623082160949707,0.9174087643623352,True
9,15,1288.0,1413.0,241.0,175.0,-0.303997665643692,0.8403482437133789,True
9,16,1272.0,1381.0,,,,,False
9,17,1301.0,1372.0,218.0,132.0,0.10248038917779922,0.49815526604652405,True
10,1,1265.0,875.0,258.0,179.0,1.744492769241333,0.9511276483535767,True
10,2,1691.0,875.0,254.0,174.0,0.47351574897766113,0.9446844458580017,True
10,3,878.0,1092.0,296.0,152.0,-0.18923231959342957,0.9428939819335938,True
10,4,1701.0,1017.0,229.0,158.0,-0.4899357259273529,0.9397618174552917,True
10,5,1718.0,1156.0,254.0,169.0,1.8019241094589233,0.941769540309906,True
10,6,897.0,960.0,292.0,155.0,-0.25279486179351807,0.9380685091018677,True
10,7,1459.0,1309.0,258.0,162.0,1.2643076181411743,0.9398439526557922,True
10,8,836.0,784.0,315.0,154.0,2.087359666824341,0.9369065761566162,True
10,9,1592.0,1213.0,264.0,162.0,0.6812738180160522,0.9361552000045776,True
10,10,715.0,1327.0,233.0,172.0,2.230712890625,0.936378538608551,True
10,11,975.0,1264.0,270.0,154.0,1.0328905582427979,0.9348679184913635,True
10,12,1426.0,425.0,286.0,157.0,1.9401988983154297,0.9286277890205383,True
10,13,843.0,1289.0,289.0,138.0,1.495407223701477,0.9237074851989746,True
10,14,1215.0,1291.0,226.0,179.0,0.4643208384513855,0.910220742225647,True
10,15,1285.0,1414.0,245.0,173.0,-0.16938456892967224,0.8667392730712891,True
10,16,1272.0,1381.0,,,,,False
11,1,1265.0,876.0,257.0,179.0,1.7450190782546997,0.951191782951355,True
11,2,1691.0,875.0,254.0,174.0,0.47729986906051636,0.9443018436431885,True
11,3,876.0,1092.0,300.0,152.0,-0.17653493583202362,0.9427416920661926,True
11,4,1701.0,1017.0,228.0,158.0,-0.4970143735408783,0.9396227598190308,True
11,5,1718.0,1156.0,253.0,169.0,1.793721079826355,0.9420247673988342,True
11,6,897.0,959.0,291.0,155.0,-0.24360498785972595,0.9378161430358887,True
11,7,1458.0,1309.0,257.0,161.0,1.2641048431396484,0.9393832683563232,True
11,8,836.0,784.0,314.0,154.0,2.078946352005005,0.9367154240608215,True
11,9,1592.0,1214.0,264.0,162.0,0.6814778447151184,0.9360834360122681,True
11,10,715.0,1326.0,232.0,171.0,2.221806049346924,0.9373374581336975,True
11,11,976.0,1264.0,272.0,153.0,1.0178008079528809,0.935137927532196,True
11,12,1425.0,429.0,278.0,156.0,1.9410908222198486,0.9321165680885315,True
11,13,843.0,1287.0,289.0,138.0,1.5116122961044312,0.9231009483337402,True
11,14,1216.0,1297.0,228.0,177.0,0.33721858263015747,0.9163984656333923,True
11,15,1284.0,1420.0,246.0,161.0,-0.1770935207605362,0.9112145900726318,True
11,16,1272.0,1381.0,,,,,False
12,1,1265.0,876.0,257.0,179.0,1.7457283735275269,0.9511443376541138,True
12,2,1691.0,875.0,254.0,174.0,0.4781057834625244,0.9443173408508301,True
12,3,875.0,1092.0,300.0,152.0,-0.17663456499576569,0.9426977038383484,True
12,4,1701.0,1017.0,229.0,158.0,-0.49695417284965515,0.9395261406898499,True
12,5,1718.0,1156.0,253.0,169.0,1.7951743602752686,0.9420173764228821,True
12,6,897.0,959.0,291.0,155.0,-0.24365638196468353,0.9377858638763428,True
12,7,1458.0,1309.0,258.0,161.0,1.2639988660812378,0.9392711520195007,True
12,8,836.0,784.0,314.0,154.0,2.0818021297454834,0.9369487166404724,True
12,9,1592.0,1214.0,264.0,162.0,0.6808393001556396,0.9360335469245911,True
12,10,715.0,1326.0,232.0,171.0,2.2220335006713867,0.9372260570526123,True
12,11,976.0,1264.0,273.0,153.0,1.0162454843521118,0.9351329207420349,True
12,12,1425.0,429.0,278.0,156.0,1.9421072006225586,0.9321019649505615,True
12,13,843.0,1287.0,289.0,138.0,1.5119339227676392,0.9231340885162354,True
12,14,1214.0,1299.0,230.0,177.0,0.3511066138744354,0.9125912189483643,True
12,15,1285.0,1420.0,247.0,162.0,-0.18418611586093903,0.9123817086219788,True
12,16,1272.0,1381.0,,,,,False
13,1,1265.0,876.0,257.0,178.0,1.753672480583191,0.9512441158294678,True
13,2,1691.0,875.0,253.0,174.0,0.4828625023365021,0.9442048668861389,True
13,3,876.0,1091.0,298.0,152.0,-0.17130373418331146,0.9423542022705078,True
13,4,1701.0,1017.0,229.0,158.0,-0.49764284491539,0.9393345713615417,True
13,5,1718.0,1156.0,254.0,169.0,1.795019507408142,0.942196786403656,True
13,6,896.0,959.0,293.0,155.0,-0.2416577786207199,0.9370941519737244,True
13,7,1458.0,1309.0,257.0,162.0,1.2616603374481201,0.9397149682044983,True
13,8,836.0,784.0,314.0,154.0,2.0815646648406982,0.9372755885124207,True
13,9,1590.0,1213.0,265.0,163.0,0.6817116141319275,0.935981810092926,True
13,10,715.0,1327.0,232.0,172.0,2.226501941680908,0.9363732933998108,True
13,11,976.0,1265.0,271.0,153.0,1.0193558931350708,0.9354482889175415,True
13,12,1424.0,430.0,276.0,155.0,1.9369423389434814,0.9331623911857605,True
13,13,843.0,1286.0,287.0,137.0,1.519196629524231,0.9230614304542542,True
13,14,1218.0,1303.0,243.0,175.0,0.348326176404953,0.9200690388679504,True
13,15,1288.0,1417.0,244.0,169.0,-0.2504540979862213,0.8882566690444946,True
13,16,1272.0,1381.0,,,,,False
14,1,1265.0,876.0,257.0,179.0,1.7535862922668457,0.951157808303833,True
14,2,1691.0,875.0,253.0,174.0,0.4832383096218109,0.9439471364021301,True
14,3,877.0,1091.0,298.0,152.0,-0.16872501373291016,0.9425563216209412,True
14,4,1701.0,1017.0,229.0,158.0,-0.49804118275642395,0.9392713308334351,True
14,5,1718.0,1156.0,254.0,169.0,1.7938785552978516,0.9422081112861633,True
14,6,896.0,959.0,292.0,155.0,-0.23982985317707062,0.9372856616973877,True
14,7,1458.0,1309.0,257.0,161.0,1.2619208097457886,0.9404629468917847,True
14,8,836.0,784.0,314.0,154.0,2.0814523696899414,0.9372358918190002,True
14,9,1590.0,1213.0,265.0,163.0,0.6778769493103027,0.9358698129653931,True
14,10,715.0,1327.0,232.0,172.0,2.2320477962493896,0.9362170696258545,True
14,11,975.0,1264.0,269.0,150.0,1.0407700538635254,0.9355699419975281,True
14,12,1424.0,430.0,275.0,156.0,1.9358806610107422,0.932589054107666,True
14,13,843.0,1285.0,287.0,137.0,1.5195623636245728,0.9232520461082458,True
14,14,1219.0,1301.0,239.0,174.0,0.24577969312667847,0.9232298731803894,True
14,15,1292.0,1413.0,247.0,173.0,-0.3035619556903839,0.9011311531066895,True
14,16,1272.0,1381.0,,,,,False
15,1,1265.0,876.0,257.0,178.0,1.7540898323059082,0.9509449601173401,True
15,2,1691.0,875.0,253.0,174.0,0.47692179679870605,0.944100022315979,True
15,3,876.0,1091.0,297.0,151.0,-0.16818071901798248,0.9424892663955688,True
15,4,1701.0,1017.0,230.0,158.0,-0.49108073115348816,0.9394544959068298,True
15,5,1718.0,1156.0,254.0,169.0,1.7933424711227417,0.9423353672027588,True
15,6,896.0,959.0,292.0,155.0,-0.2360556274652481,0.9371617436408997,True
15,7,1458.0,1309.0,257.0,161.0,1.2645719051361084,0.9408885836601257,True
15,8,836.0,784.0,314.0,154.0,2.083427667617798,0.9370519518852234,True
15,9,1590.0,1213.0,265.0,163.0,0.6690327525138855,0.9357615113258362,True
15,10,715.0,1327.0,232.0,172.0,2.2283174991607666,0.9366883635520935,True
15,11,975.0,1264.0,269.0,150.0,1.041946530342102,0.9352992177009583,True
15,12,1425.0,430.0,275.0,155.0,1.9373379945755005,0.9324344992637634,True
15,13,843.0,1285.0,287.0,137.0,1.522012710571289,0.9234630465507507,True
15,14,1222.0,1303.0,242.0,171.0,0.20826420187950134,0.9201679229736328,True
15,15,1294.0,1417.0,245.0,163.0,-0.3639141023159027,0.894419252872467,True
15,16,1272.0,1381.0,,,,,False
16,1,1265.0,876.0,256.0,178.0,1.7535649538040161,0.9508548378944397,True
16,2,1691.0,875.0,253.0,174.0,0.47928857803344727,0.943844199180603,True
16,3,876.0,1091.0,298.0,152.0,-0.1678176373243332,0.9426960349082947,True
16,4,1701.0,1017.0,230.0,158.0,-0.49154311418533325,0.9394311308860779,True
16,5,1718.0,1156.0,255.0,169.0,1.7976725101470947,0.9425373673439026,True
16,6,896.0,959.0,292.0,155.0,-0.23564286530017853,0.9366959929466248,True
16,7,1458.0,1309.0,257.0,161.0,1.266882061958313,0.9406899213790894,True
16,8,836.0,785.0,313.0,154.0,2.0814731121063232,0.9370695352554321,True
16,9,1590.0,1213.0,266.0,163.0,0.6706134676933289,0.9357911944389343,True
16,10,715.0,1327.0,232.0,172.0,2.223073959350586,0.9370072484016418,True
16,11,975.0,1264.0,269.0,150.0,1.0424163341522217,0.9349817037582397,True
16,12,1424.0,430.0,275.0,155.0,1.9358036518096924,0.9323254227638245,True
16,13,843.0,1285.0,287.0,137.0,1.522412896156311,0.9234269261360168,True
16,14,1249.0,1324.0,309.0,175.0,0.5263228416442871,0.9293246865272522,True
16,15,1295.0,1425.0,238.0,148.0,-0.32646021246910095,0.9020904898643494,True
16,16,1272.0,1381.0,,,,,False
17,1,1265.0,876.0,256.0,178.0,1.7532830238342285,0.9506247043609619,True
17,2,1691.0,875.0,253.0,174.0,0.4812833070755005,0.9436532258987427,True
17,3,876.0,1091.0,298.0,152.0,-0.16615214943885803,0.9423463344573975,True
17,4,1701.0,1018.0,231.0,158.0,-0.49489280581474304,0.9398674368858337,True
17,5,1718.0,1156.0,254.0,169.0,1.7991588115692139,0.9422640800476074,True
17,6,896.0,959.0,292.0,155.0,-0.23833201825618744,0.9364944696426392,True
17,7,1458.0,1309.0,257.0,160.0,1.276369571685791,0.9405372738838196,True
17,8,836.0,785.0,313.0,154.0,2.082075357437134,0.936983048915863,True
17,9,1590.0,1213.0,265.0,163.0,0.67383873462677,0.9362056851387024,True
17,10,715.0,1326.0,232.0,172.0,2.2306926250457764,0.9366536140441895,True
17,11,975.0,1264.0,268.0,151.0,1.0440722703933716,0.9339532852172852,True
17,12,1424.0,430.0,275.0,155.0,1.9359426498413086,0.9323960542678833,True
17,13,843.0,1285.0,286.0,137.0,1.519492506980896,0.9231623411178589,True
17,14,1252.0,1319.0,300.0,176.0,0.5459516048431396,0.9296509027481079,True
17,15,1296.0,1427.0,232.0,146.0,-0.3417046368122101,0.9057380557060242,True
17,16,1272.0,1381.0,,,,,False
18,1,1265.0,876.0,256.0,178.0,1.7535065412521362,0.950593888759613,True
18,2,1691.0,875.0,253.0,174.0,0.4812597930431366,0.943627119064331,True
18,3,876.0,1091.0,298.0,152.0,-0.16631974279880524,0.9423850178718567,True
18,4,1701.0,1018.0,231.0,158.0,-0.4944874048233032,0.9398636221885681,True
18,5,1718.0,1156.0,254.0,169.0,1.7995299100875854,0.9423267841339111,True
18,6,896.0,959.0,292.0,155.0,-0.23864473402500153,0.9364254474639893,True
18,7,1458.0,1309.0,257.0,160.0,1.275788426399231,0.9405207633972168,True
18,8,836.0,785.0,313.0,154.0,2.0822300910949707,0.9369902014732361,True
18,9,1590.0,1213.0,266.0,163.0,0.674776554107666,0.9361943006515503,True
18,10,715.0,1326.0,232.0,172.0,2.231646776199341,0.9365248680114746,True
18,11,975.0,1264.0,268.0,151.0,1.04454505443573,0.9339234828948975,True
18,12,1424.0,430.0,275.0,155.0,1.9369133710861206,0.9323503971099854,True
18,13,843.0,1285.0,286.0,137.0,1.5199291706085205,0.923173189163208,True
18,14,1251.0,1321.0,296.0,185.0,0.5482760667800903,0.9289628863334656,True
18,15,1296.0,1427.0,233.0,146.0,-0.35017189383506775,0.9040461182594299,True
18,16,1272.0,1381.0,,,,,False
19,1,1266.0,877.0,255.0,178.0,1.7394647598266602,0.9504306316375732,True
19,2,1691.0,875.0,255.0,174.0,0.4902268052101135,0.943772554397583,True
19,3,875.0,1091.0,298.0,151.0,-0.16092075407505035,0.9423457980155945,True
19,4,1700.0,1018.0,231.0,158.0,-0.4961909353733063,0.9401605725288391,True
19,5,1718.0,1156.0,254.0,169.0,1.8001856803894043,0.942173421382904,True
19,6,894.0,958.0,292.0,150.0,-0.23783065378665924,0.9373160004615784,True
19,7,1458.0,1309.0,257.0,161.0,1.2808550596237183,0.940670907497406,True
19,8,834.0,787.0,319.0,155.0,2.08774995803833,0.9339732527732849,True
19,9,1592.0,1214.0,263.0,162.0,0.6651871204376221,0.9358968138694763,True
19,10,715.0,1326.0,232.0,172.0,2.2326254844665527,0.9362094402313232,True
19,11,975.0,1264.0,266.0,151.0,1.0439447164535522,0.933498203754425,True
19,12,1424.0,430.0,275.0,156.0,1.9395110607147217,0.9325043559074402,True
19,13,844.0,1285.0,286.0,136.0,1.5179015398025513,0.9217255711555481,True
19,14,1257.0,1323.0,300.0,183.0,0.5460430383682251,0.9302185773849487,True
19,15,1297.0,1420.0,233.0,158.0,-0.37149563431739807,0.9205124378204346,True
19,16,1272.0,1381.0,,,,,False
20,1,1265.0,877.0,255.0,177.0,1.738394021987915,0.9504801630973816,True
20,2,1691.0,875.0,254.0,174.0,0.4893893301486969,0.9436450600624084,True
20,3,875.0,1091.0,298.0,152.0,-0.16044242680072784,0.9418333172798157,True
20,4,1700.0,1018.0,231.0,158.0,-0.49619513750076294,0.940186083316803,True
20,5,1718.0,1156.0,255.0,169.0,1.8027433156967163,0.9423893094062805,True
20,6,895.0,960.0,292.0,152.0,-0.24252630770206451,0.9358084201812744,True
20,7,1459.0,1309.0,258.0,162.0,1.2717444896697998,0.9406748414039612,True
20,8,834.0,787.0,318.0,155.0,2.0891191959381104,0.9344545602798462,True
20,9,1592.0,1214.0,264.0,162.0,0.6647862195968628,0.9359371066093445,True
20,10,715.0,1326.0,232.0,172.0,2.2317898273468018,0.9361971020698547,True
20,11,975.0,1264.0,266.0,151.0,1.0256139039993286,0.9332150220870972,True
20,12,1424.0,430.0,274.0,156.0,1.9388725757598877,0.9324144124984741,True
20,13,844.0,1286.0,283.0,136.0,1.5205135345458984,0.9222302436828613,True
20,14,1261.0,1314.0,290.0,174.0,0.4696063697338104,0.9300761818885803,True
20,15,1299.0,1417.0,244.0,162.0,-0.3754829168319702,0.9286700487136841,True
20,16,1272.0,1381.0,,,,,False
21,1,1265.0,877.0,256.0,178.0,1.7353347539901733,0.950436532497406,True
21,2,1691.0,875.0,254.0,174.0,0.49054843187332153,0.9439451098442078,True
21,3,876.0,1091.0,296.0,153.0,-0.16530783474445343,0.9414447546005249,True
21,4,1700.0,1018.0,231.0,158.0,-0.4941674768924713,0.9401432871818542,True
21,5,1718.0,1155.0,254.0,169.0,1.8052027225494385,0.9423227310180664,True
21,6,894.0,959.0,295.0,155.0,-0.24474745988845825,0.9355085492134094,True
21,7,1460.0,1309.0,258.0,162.0,1.2814435958862305,0.9372894167900085,True
21,8,833.0,788.0,316.0,154.0,2.095299005508423,0.9341205358505249,True
21,9,1592.0,1214.0,263.0,162.0,0.6664215922355652,0.9360875487327576,True
21,10,715.0,1326.0,232.0,172.0,2.222512722015381,0.9367216229438782,True
21,11,977.0,1266.0,268.0,154.0,1.0048797130584717,0.9336099028587341,True
21,12,1425.0,430.0,274.0,156.0,1.9358971118927002,0.9323515892028809,True
21,13,844.0,1288.0,283.0,136.0,1.5212101936340332,0.9228649735450745,True
21,14,1260.0,1315.0,285.0,185.0,0.3910169005393982,0.9310808181762695,True
21,15,1298.0,1418.0,243.0,159.0,-0.3754357099533081,0.9314541220664978,True
21,16,1272.0,1381.0,,,,,False
22,1,1265.0,877.0,255.0,178.0,1.734175205230713,0.9504461288452148,True
22,2,1691.0,875.0,255.0,174.0,0.4866746962070465,0.9438866972923279,True
22,3,876.0,1091.0,296.0,153.0,-0.1645810455083847,0.9415806531906128,True
22,4,1700.0,1018.0,231.0,158.0,-0.4926932156085968,0.9404222965240479,True
22,5,1718.0,1155.0,255.0,169.0,1.8049888610839844,0.941992998123169,True
22,6,894.0,959.0,295.0,155.0,-0.24331670999526978,0.9354086518287659,True
22,7,1460.0,1310.0,258.0,164.0,1.2860950231552124,0.9349173903465271,True
22,8,833.0,790.0,316.0,156.0,2.0945563316345215,0.9332994818687439,True
22,9,1592.0,1214.0,263.0,162.0,0.6681474447250366,0.936284065246582,True
22,10,715.0,1327.0,231.0,172.0,2.2227158546447754,0.9364347457885742,True
22,11,975.0,1265.0,266.0,152.0,1.0191868543624878,0.9333342909812927,True
22,12,1424.0,430.0,272.0,156.0,1.9330036640167236,0.9322353601455688,True
22,13,844.0,1288.0,283.0,137.0,1.5214455127716064,0.9229637384414673,True
22,14,1264.0,1312.0,286.0,182.0,0.32743290066719055,0.9362066388130188,True
22,15,1298.0,1418.0,244.0,159.0,-0.33478444814682007,0.9344117045402527,True
22,16,1272.0,1381.0,,,,,False
23,1,1266.0,877.0,255.0,178.0,1.7318676710128784,0.9504082202911377,True
23,2,1691.0,875.0,255.0,174.0,0.4859110713005066,0.9440970420837402,True
23,3,876.0,1092.0,296.0,153.0,-0.16290125250816345,0.9411662220954895,True
23,4,1700.0,1018.0,232.0,158.0,-0.4888835549354553,0.9401700496673584,True
23,5,1718.0,1155.0,255.0,169.0,1.8018994331359863,0.9419491291046143,True
23,6,893.0,959.0,295.0,155.0,-0.24765649437904358,0.9350030422210693,True
23,7,1461.0,1309.0,257.0,160.0,1.2820956707000732,0.9360246658325195,True
23,8,832.0,790.0,317.0,156.0,2.097010850906372,0.9329103827476501,True
23,9,1592.0,1214.0,264.0,162.0,0.6728690266609192,0.9362648129463196,True
23,10,715.0,1327.0,232.0,172.0,2.225231885910034,0.9361697435379028,True
23,11,976.0,1267.0,268.0,154.0,1.0045799016952515,0.933466911315918,True
23,12,1424.0,430.0,272.0,156.0,1.9311567544937134,0.9318868517875671,True
23,13,844.0,1289.0,284.0,137.0,1.5192387104034424,0.9226404428482056,True
23,14,1267.0,1308.0,287.0,177.0,0.2973957657814026,0.9370899200439453,True
23,15,1297.0,1417.0,245.0,163.0,-0.3313911557197571,0.9346423745155334,True
23,16,1272.0,1381.0,,,,,False
24,1,1266.0,877.0,255.0,178.0,1.7315287590026855,0.9503788352012634,True
24,2,1691.0,875.0,256.0,174.0,0.48658275604248047,0.9440840482711792,True
24,3,876.0,1092.0,296.0,153.0,-0.1631648987531662,0.9411964416503906,True
24,4,1700.0,1018.0,232.0,158.0,-0.48933959007263184,0.9401151537895203,True
24,5,1718.0,1155.0,255.0,169.0,1.8029471635818481,0.9418742656707764,True
24,6,893.0,959.0,295.0,155.0,-0.24760842323303223,0.9350537061691284,True
24,7,1460.0,1309.0,257.0,160.0,1.282753586769104,0.9360368847846985,True
24,8,832.0,790.0,317.0,157.0,2.09769868850708,0.9330663681030273,True
24,9,1592.0,1214.0,264.0,162.0,0.6730207800865173,0.9363466501235962,True
24,10,715.0,1327.0,232.0,172.0,2.2252776622772217,0.9361132383346558,True
24,11,976.0,1267.0,268.0,154.0,1.0036123991012573,0.9335853457450867,True
24,12,1424.0,430.0,272.0,156.0,1.9307897090911865,0.9318825006484985,True
24,13,844.0,1289.0,284.0,137.0,1.5194118022918701,0.9227216243743896,True
24,14,1267.0,1308.0,287.0,177.0,0.300798624753952,0.9372562170028687,True
24,15,1297.0,1417.0,245.0,163.0,-0.33033546805381775,0.9343827366828918,True
24,16,1272.0,1381.0,,,,,False
25,1,1266.0,877.0,255.0,177.0,1.7352055311203003,0.9500921964645386,True
25,2,1691.0,875.0,255.0,174.0,0.4847637712955475,0.9443649649620056,True
25,3,877.0,1092.0,296.0,154.0,-0.16591855883598328,0.9411423802375793,True
25,4,1701.0,1018.0,231.0,157.0,-0.4905204176902771,0.9403812289237976,True
25,5,1717.0,1155.0,254.0,169.0,1.8050055503845215,0.9421285390853882,True
25,6,892.0,959.0,295.0,154.0,-0.24864931404590607,0.9346895813941956,True
25,7,1458.0,1309.0,255.0,164.0,1.2976351976394653,0.9338470697402954,True
25,8,832.0,790.0,314.0,157.0,2.1093664169311523,0.9340410828590393,True
25,9,1593.0,1215.0,264.0,162.0,0.6780137419700623,0.9361361861228943,True
25,10,715.0,1327.0,232.0,172.0,2.2241156101226807,0.9362626075744629,True
25,11,976.0,1266.0,268.0,154.0,1.0132136344909668,0.933946430683136,True
25,12,1424.0,429.0,272.0,156.0,1.9246302843093872,0.9319233298301697,True
25,13,843.0,1289.0,283.0,139.0,1.512549638748169,0.9229533672332764,True
25,14,1270.0,1306.0,289.0,176.0,0.274142324924469,0.9371647834777832,True
25,15,1295.0,1414.0,251.0,172.0,-0.35753387212753296,0.9304075837135315,True
25,16,1272.0,1381.0,,,,,False
26,1,1266.0,877.0,255.0,177.0,1.732020378112793,0.9501067996025085,True
26,2,1691.0,875.0,255.0,174.0,0.48402711749076843,0.9441672563552856,True
26,3,877.0,1092.0,296.0,154.0,-0.16430944204330444,0.941371738910675,True
26,4,1701.0,1018.0,231.0,157.0,-0.49259239435195923,0.9405985474586487,True
26,5,1718.0,1155.0,254.0,169.0,1.806820034980774,0.9421318173408508,True
26,6,892.0,959.0,295.0,154.0,-0.24373981356620789,0.934227466583252,True
26,7,1456.0,1309.0,256.0,167.0,1.3111854791641235,0.9333791732788086,True
26,8,833.0,787.0,309.0,155.0,2.1079013347625732,0.9355104565620422,True
26,9,1593.0,1214.0,264.0,161.0,0.6801776885986328,0.9360825419425964,True
26,10,715.0,1327.0,232.0,172.0,2.219177484512329,0.9366840720176697,True
26,11,976.0,1266.0,269.0,154.0,1.0119996070861816,0.9336687922477722,True
26,12,1425.0,428.0,274.0,156.0,1.927065134048462,0.9313127994537354,True
26,13,843.0,1289.0,283.0,139.0,1.5114641189575195,0.9226845502853394,True
26,14,1271.0,1300.0,289.0,171.0,0.23251578211784363,0.9394614100456238,True
26,15,1295.0,1412.0,252.0,176.0,-0.36956435441970825,0.932190477848053,True
26,16,1272.0,1381.0,,,,,False
27,1,1265.0,877.0,255.0,177.0,1.7304093837738037,0.950107753276825,True
27,2,1691.0,875.0,254.0,174.0,0.4874862730503082,0.9441571831703186,True
27,3,877.0,1092.0,296.0,154.0,-0.16356955468654633,0.9411993622779846,True
27,4,1701.0,1018.0,231.0,158.0,-0.4960249662399292,0.9404891133308411,True
27,5,1717.0,1155.0,253.0,169.0,1.8048371076583862,0.9417089819908142,True
27,6,891.0,959.0,295.0,155.0,-0.24543005228042603,0.9342904686927795,True
27,7,1456.0,1309.0,255.0,165.0,1.3237091302871704,0.9338869452476501,True
27,8,832.0,788.0,308.0,155.0,2.112001895904541,0.9349055290222168,True
27,9,1592.0,1214.0,265.0,161.0,0.6822845339775085,0.9362007975578308,True
27,10,715.0,1327.0,232.0,172.0,2.2180793285369873,0.9370478391647339,True
27,11,975.0,1265.0,266.0,151.0,1.0298824310302734,0.9335499405860901,True
27,12,1426.0,426.0,279.0,156.0,1.9326027631759644,0.930100679397583,True
27,13,843.0,1290.0,286.0,138.0,1.5090925693511963,0.9220190048217773,True
27,14,1278.0,1298.0,294.0,170.0,0.24432745575904846,0.9386751055717468,True
27,15,1295.0,1412.0,252.0,177.0,-0.383186936378479,0.9328328967094421,True
27,16,1272.0,1381.0,,,,,False
28,1,1265.0,877.0,255.0,177.0,1.7272731065750122,0.9501950740814209,True
28,2,1691.0,875.0,254.0,174.0,0.48547908663749695,0.9439566135406494,True
28,3,876.0,1092.0,298.0,154.0,-0.1510668247938156,0.9403783082962036,True
28,4,1700.0,1018.0,232.0,157.0,-0.4966377019882202,0.9409980177879333,True
28,5,1717.0,1156.0,253.0,169.0,1.8006088733673096,0.9420363903045654,True
28,6,891.0,959.0,295.0,154.0,-0.24021100997924805,0.9341491460800171,True
28,7,1455.0,1310.0,255.0,169.0,1.3116588592529297,0.9327384233474731,True
28,8,832.0,788.0,307.0,155.0,2.1142477989196777,0.935268223285675,True
28,9,1592.0,1214.0,265.0,161.0,0.6802212595939636,0.9361563920974731,True
28,10,715.0,1327.0,232.0,172.0,2.21578049659729,0.9373708963394165,True
28,11,975.0,1267.0,267.0,153.0,1.0172215700149536,0.9371362328529358,True
28,12,1426.0,425.0,282.0,156.0,1.9343479871749878,0.9296838641166687,True
28,13,843.0,1289.0,286.0,139.0,1.512424349784851,0.9225868582725525,True
28,14,1278.0,1295.0,286.0,170.0,0.22831661999225616,0.9386044144630432,True
28,15,1294.0,1412.0,253.0,178.0,-0.3911963403224945,0.9341415762901306,True
28,16,1272.0,1381.0,,,,,False
29,1,1266.0,877.0,255.0,177.0,1.7287077903747559,0.9501586556434631,True
29,2,1691.0,875.0,254.0,174.0,0.48149752616882324,0.9441605806350708,True
29,3,875.0,1092.0,297.0,154.0,-0.1507730633020401,0.9403135776519775,True
29,4,1700.0,1018.0,231.0,157.0,-0.49447521567344666,0.9411800503730774,True
29,5,1718.0,1156.0,253.0,170.0,1.7981412410736084,0.9421449303627014,True
29,6,890.0,959.0,295.0,154.0,-0.2370149791240692,0.9338768720626831,True
29,7,1455.0,1310.0,256.0,168.0,1.307511568069458,0.9336802363395691,True
29,8,833.0,788.0,305.0,154.0,2.1107585430145264,0.9357098340988159,True
29,9,1592.0,1214.0,265.0,161.0,0.678840160369873,0.9363978505134583,True
29,10,714.0,1327.0,232.0,172.0,2.2128167152404785,0.9375796914100647,True
29,11,976.0,1266.0,266.0,151.0,1.0270514488220215,0.9333041906356812,True
29,12,1426.0,425.0,283.0,156.0,1.934536099433899,0.9301996231079102,True
29,13,843.0,1290.0,284.0,138.0,1.5180370807647705,0.9219532012939453,True
29,14,1279.0,1295.0,287.0,168.0,0.22813929617404938,0.9373378753662109,True
29,15,1294.0,1412.0,253.0,178.0,-0.39536726474761963,0.9336050748825073,True
29,16,1272.0,1381.0,,,,,False
30,1,1266.0,877.0,255.0,177.0,1.7290102243423462,0.9501981735229492,True
30,2,1691.0,875.0,254.0,174.0,0.4817395508289337,0.9441714286804199,True
30,3,875.0,1092.0,297.0,154.0,-0.14876772463321686,0.9403609037399292,True
30,4,1700.0,1018.0,232.0,157.0,-0.4926341772079468,0.9412104487419128,True
30,5,1718.0,1156.0,254.0,170.0,1.797828197479248,0.9421118497848511,True
30,6,890.0,959.0,295.0,154.0,-0.23692920804023743,0.9337063431739807,True
30,7,1455.0,1310.0,256.0,168.0,1.3074793815612793,0.9336314797401428,True
30,8,833.0,788.0,305.0,154.0,2.111149787902832,0.9355975389480591,True
30,9,1592.0,1214.0,264.0,161.0,0.6786097288131714,0.9364158511161804,True
30,10,714.0,1327.0,232.0,172.0,2.2136385440826416,0.9375948905944824,True
30,11,976.0,1266.0,266.0,151.0,1.029178261756897,0.9331439137458801,True
30,12,1426.0,424.0,284.0,156.0,1.9339708089828491,0.9298994541168213,True
30,13,843.0,1290.0,285.0,139.0,1.518932580947876,0.9221321940422058,True
30,14,1279.0,1295.0,287.0,168.0,0.2335127294063568,0.9375233054161072,True
30,15,1294.0,1412.0,253.0,178.0,-0.39653122425079346,0.9336549639701843,True
30,16,1272.0,1381.0,,,,,False
31,1,1266.0,876.0,254.0,178.0,1.7337480783462524,0.9498828053474426,True
31,2,1690.0,875.0,254.0,175.0,0.4803324341773987,0.9445517063140869,True
31,3,875.0,1093.0,297.0,155.0,-0.15338273346424103,0.9396346211433411,True
31,4,1700.0,1018.0,232.0,157.0,-0.49345842003822327,0.9409937262535095,True
31,5,1717.0,1155.0,254.0,170.0,1.7974634170532227,0.9415386915206909,True
31,6,890.0,959.0,295.0,155.0,-0.23236781358718872,0.9340412616729736,True
31,7,1456.0,1310.0,254.0,166.0,1.3219870328903198,0.9327418208122253,True
31,8,833.0,788.0,304.0,154.0,2.1107194423675537,0.9358686208724976,True
31,9,1592.0,1213.0,265.0,160.0,0.6836140751838684,0.936569094657898,True
31,10,714.0,1327.0,232.0,172.0,2.211475133895874,0.9376240968704224,True
31,11,977.0,1267.0,263.0,151.0,1.0262774229049683,0.9333352446556091,True
31,12,1427.0,422.0,287.0,158.0,1.931295394897461,0.9292653203010559,True
31,13,843.0,1290.0,283.0,139.0,1.5211341381072998,0.922181248664856,True
31,14,1278.0,1294.0,288.0,168.0,0.2199239283800125,0.9382835030555725,True
31,15,1295.0,1412.0,254.0,178.0,-0.3962326645851135,0.934831976890564,True
31,16,1272.0,1381.0,,,,,False
32,1,1266.0,876.0,254.0,178.0,1.7323774099349976,0.9498743414878845,True
32,2,1690.0,874.0,255.0,175.0,0.4753618836402893,0.9446902871131897,True
32,3,874.0,1093.0,299.0,155.0,-0.15006183087825775,0.9396421909332275,True
32,4,1700.0,1018.0,232.0,157.0,-0.4926149547100067,0.9410872459411621,True
32,5,1718.0,1155.0,253.0,170.0,1.8005249500274658,0.9412661194801331,True
32,6,890.0,958.0,294.0,155.0,-0.23009811341762543,0.9343658089637756,True
32,7,1456.0,1310.0,254.0,167.0,1.3254247903823853,0.9324886202812195,True
32,8,833.0,788.0,304.0,154.0,2.107205629348755,0.9359524846076965,True
32,9,1592.0,1213.0,265.0,160.0,0.6851553916931152,0.9361559748649597,True
32,10,714.0,1327.0,232.0,172.0,2.210954189300537,0.9373177886009216,True
32,11,978.0,1269.0,260.0,151.0,1.0283547639846802,0.9328974485397339,True
32,12,1426.0,423.0,292.0,160.0,1.9238721132278442,0.9299261569976807,True
32,13,843.0,1291.0,278.0,139.0,1.521481990814209,0.9228377342224121,True
32,14,1278.0,1294.0,287.0,168.0,0.23378752171993256,0.9386523962020874,True
32,15,1294.0,1412.0,253.0,177.0,-0.3988441526889801,0.9348183870315552,True
32,16,1272.0,1381.0,,,,,False
33,1,1266.0,876.0,254.0,178.0,1.7282021045684814,0.9499266147613525,True
33,2,1690.0,874.0,254.0,175.0,0.4757702648639679,0.944147527217865,True
33,3,876.0,1093.0,298.0,155.0,-0.1539466828107834,0.9391423463821411,True
33,4,1701.0,1018.0,232.0,157.0,-0.48613280057907104,0.9410036206245422,True
33,5,1718.0,1155.0,253.0,170.0,1.7975952625274658,0.9414507746696472,True
33,6,889.0,958.0,295.0,156.0,-0.22415533661842346,0.9344556927680969,True
33,7,1457.0,1310.0,252.0,166.0,1.3204574584960938,0.9326240420341492,True
33,8,833.0,788.0,305.0,154.0,2.10420298576355,0.9358209371566772,True
33,9,1592.0,1213.0,265.0,160.0,0.6863017678260803,0.9361776113510132,True
33,10,714.0,1327.0,232.0,173.0,2.207113265991211,0.937521755695343,True
33,11,978.0,1272.0,258.0,154.0,1.0365949869155884,0.9321997165679932,True
33,12,1426.0,423.0,293.0,160.0,1.9216660261154175,0.9299989342689514,True
33,13,843.0,1290.0,277.0,138.0,1.5236270427703857,0.9227076172828674,True
33,14,1278.0,1294.0,288.0,168.0,0.24327452480793,0.9394878149032593,True
33,15,1295.0,1412.0,253.0,176.0,-0.4010304808616638,0.9347158074378967,True
33,16,1272.0,1381.0,,,,,False
34,1,1266.0,877.0,254.0,178.0,1.7305684089660645,0.9501160383224487,True
34,2,1690.0,875.0,254.0,175.0,0.4762139618396759,0.94430011510849,True
34,3,876.0,1093.0,297.0,155.0,-0.15210799872875214,0.9387514591217041,True
34,4,1701.0,1018.0,232.0,157.0,-0.48524773120880127,0.9408276081085205,True
34,5,1717.0,1155.0,253.0,170.0,1.797192096710205,0.9412307739257812,True
34,6,890.0,958.0,293.0,156.0,-0.22237113118171692,0.9352349638938904,True
34,7,1457.0,1310.0,253.0,165.0,1.3227274417877197,0.9325371384620667,True
34,8,833.0,788.0,306.0,154.0,2.1047990322113037,0.9353548288345337,True
34,9,1592.0,1213.0,265.0,160.0,0.6829922199249268,0.9362027645111084,True
34,10,715.0,1327.0,233.0,173.0,2.206831693649292,0.9376732707023621,True
34,11,979.0,1272.0,259.0,155.0,1.0388578176498413,0.9323219656944275,True
34,12,1426.0,423.0,293.0,160.0,1.9227404594421387,0.9303340315818787,True
34,13,843.0,1291.0,276.0,139.0,1.5222232341766357,0.9238581657409668,True
34,14,1278.0,1294.0,287.0,167.0,0.24431003630161285,0.9391606450080872,True
34,15,1294.0,1413.0,253.0,176.0,-0.4054090082645416,0.9353398680686951,True
34,16,1272.0,1381.0,,,,,False
35,1,1266.0,876.0,254.0,178.0,1.7405883073806763,0.9498902559280396,True
35,2,1690.0,874.0,255.0,175.0,0.4715014696121216,0.9447396397590637,True
35,3,877.0,1093.0,295.0,155.0,-0.15000851452350616,0.9396951794624329,True
35,4,1701.0,1018.0,231.0,158.0,-0.4826144278049469,0.9403086304664612,True
35,5,1718.0,1155.0,253.0,169.0,1.7923622131347656,0.9411247372627258,True
35,6,889.0,958.0,293.0,156.0,-0.22608943283557892,0.935563325881958,True
35,7,1458.0,1308.0,251.0,159.0,1.3271368741989136,0.932808518409729,True
35,8,833.0,791.0,315.0,156.0,2.091594934463501,0.9334239363670349,True
35,9,1590.0,1212.0,266.0,164.0,0.6890525817871094,0.9403442740440369,True
35,10,714.0,1327.0,233.0,173.0,2.213639736175537,0.9370467066764832,True
35,11,979.0,1273.0,260.0,155.0,1.0434551239013672,0.9319969415664673,True
35,12,1426.0,423.0,291.0,160.0,1.9132221937179565,0.9293450117111206,True
35,13,843.0,1291.0,277.0,139.0,1.5191445350646973,0.923755407333374,True
35,14,1278.0,1294.0,287.0,167.0,0.24163110554218292,0.938502848148346,True
35,15,1294.0,1412.0,255.0,177.0,-0.41270580887794495,0.9352571964263916,True
35,16,1272.0,1381.0,,,,,False
36,1,1266.0,876.0,254.0,178.0,1.7406731843948364,0.9498886466026306,True
36,2,1690.0,874.0,254.0,175.0,0.47158536314964294,0.9446527361869812,True
36,3,877.0,1093.0,295.0,155.0,-0.1487874835729599,0.9395880103111267,True
36,4,1701.0,1018.0,231.0,158.0,-0.4832969903945923,0.9401775002479553,True
36,5,1718.0,1155.0,253.0,169.0,1.7920448780059814,0.9411880970001221,True
36,6,889.0,958.0,293.0,156.0,-0.2259618192911148,0.9355565309524536,True
36,7,1458.0,1308.0,251.0,159.0,1.3281086683273315,0.9328365325927734,True
36,8,833.0,791.0,315.0,156.0,2.0924625396728516,0.9334102272987366,True
36,9,1590.0,1212.0,266.0,164.0,0.6892778873443604,0.9404113292694092,True
36,10,714.0,1327.0,232.0,173.0,2.2147998809814453,0.9369954466819763,True
36,11,979.0,1273.0,260.0,155.0,1.040598750114441,0.9319229125976562,True
36,12,1426.0,423.0,292.0,159.0,1.9141725301742554,0.929277777671814,True
36,13,843.0,1291.0,277.0,139.0,1.5173066854476929,0.9244583249092102,True
36,14,1278.0,1294.0,287.0,167.0,0.24139216542243958,0.9385063052177429,True
36,15,1294.0,1412.0,255.0,177.0,-0.40842580795288086,0.935279905796051,True
36,16,1272.0,1381.0,,,,,False
37,1,1266.0,876.0,255.0,178.0,1.7356553077697754,0.9502865672111511,True
37,2,1691.0,875.0,254.0,175.0,0.47158104181289673,0.9437733888626099,True
37,3,878.0,1093.0,294.0,155.0,-0.15135978162288666,0.9388755559921265,True
37,4,1701.0,1018.0,231.0,158.0,-0.4868469834327698,0.9399734735488892,True
37,5,1718.0,1155.0,251.0,169.0,1.7852004766464233,0.9419000744819641,True
37,6,889.0,958.0,293.0,157.0,-0.2275724858045578,0.9349672794342041,True
37,7,1457.0,1310.0,253.0,162.0,1.3300644159317017,0.9334315061569214,True
37,8,829.0,795.0,326.0,157.0,2.0908353328704834,0.9301306009292603,True
37,9,1592.0,1213.0,265.0,161.0,0.6861170530319214,0.9361254572868347,True
37,10,714.0,1327.0,233.0,173.0,2.211646795272827,0.9372062683105469,True
37,11,979.0,1273.0,260.0,155.0,1.0404243469238281,0.9325131177902222,True
37,12,1426.0,422.0,295.0,160.0,1.910325527191162,0.9291349053382874,True
37,13,843.0,1291.0,276.0,140.0,1.5114352703094482,0.9244847297668457,True
37,14,1278.0,1295.0,288.0,166.0,0.22292128205299377,0.9379377961158752,True
37,15,1294.0,1413.0,254.0,177.0,-0.40405020117759705,0.9345542192459106,True
37,16,1272.0,1381.0,,,,,False
38,1,1266.0,876.0,255.0,178.0,1.734482765197754,0.9502636194229126,True
38,2,1691.0,875.0,254.0,175.0,0.4729677438735962,0.9435735940933228,True
38,3,878.0,1093.0,294.0,155.0,-0.14904598891735077,0.939003050327301,True
38,4,1701.0,1018.0,231.0,157.0,-0.4860461950302124,0.9399712681770325,True
38,5,1718.0,1155.0,252.0,169.0,1.783782958984375,0.9417411088943481,True
38,6,890.0,957.0,295.0,155.0,-0.22540268301963806,0.9349686503410339,True
38,7,1457.0,1310.0,253.0,162.0,1.3270436525344849,0.933422863483429,True
38,8,832.0,790.0,317.0,157.0,2.0816829204559326,0.9332348108291626,True
38,9,1592.0,1213.0,265.0,161.0,0.6868026256561279,0.9360827207565308,True
38,10,714.0,1327.0,233.0,173.0,2.2121071815490723,0.9371643662452698,True
38,11,979.0,1273.0,259.0,155.0,1.0417771339416504,0.9323578476905823,True
38,12,1427.0,420.0,299.0,161.0,1.9172749519348145,0.9285863637924194,True
38,13,843.0,1291.0,277.0,140.0,1.5127063989639282,0.9246253371238708,True
38,14,1278.0,1296.0,289.0,166.0,0.21353623270988464,0.9381456971168518,True
38,15,1294.0,1413.0,254.0,176.0,-0.4005267918109894,0.9346874952316284,True
39,1,1266.0,876.0,255.0,178.0,1.7355824708938599,0.9501442909240723,True
39,2,1691.0,877.0,255.0,174.0,0.46792370080947876,0.9436628818511963,True
39,3,881.0,1092.0,290.0,153.0,-0.15926894545555115,0.9386035799980164,True
39,4,1701.0,1018.0,231.0,158.0,-0.4842117130756378,0.9396653771400452,True
39,5,1718.0,1156.0,253.0,169.0,1.7902425527572632,0.9414608478546143,True
39,6,889.0,958.0,293.0,158.0,-0.23859277367591858,0.9351016283035278,True
39,7,1457.0,1310.0,254.0,162.0,1.320515751838684,0.9342041611671448,True
39,8,834.0,787.0,312.0,155.0,2.0772578716278076,0.9348738193511963,True
39,9,1590.0,1211.0,266.0,165.0,0.6849361062049866,0.9411267638206482,True
39,10,714.0,1327.0,233.0,173.0,2.212742328643799,0.9370462894439697,True
39,11,977.0,1269.0,264.0,152.0,1.0403823852539062,0.9333614110946655,True
39,12,1427.0,423.0,293.0,160.0,1.9234825372695923,0.928295910358429,True
39,13,843.0,1290.0,277.0,140.0,1.5094165802001953,0.9249160885810852,True
39,14,1277.0,1298.0,289.0,165.0,0.2014889121055603,0.939362108707428,True
39,15,1294.0,1413.0,253.0,177.0,-0.38908901810646057,0.9342196583747864,True
40,1,1266.0,876.0,255.0,179.0,1.7330436706542969,0.9502259492874146,True
40,2,1691.0,877.0,255.0,174.0,0.47042351961135864,0.9436870813369751,True
40,3,880.0,1093.0,291.0,154.0,-0.15490911900997162,0.937557578086853,True
40,4,1701.0,1018.0,231.0,158.0,-0.48653584718704224,0.9394510388374329,True
40,5,1718.0,1156.0,254.0,168.0,1.7857813835144043,0.9412609338760376,True
40,6,892.0,957.0,286.0,157.0,-0.23902246356010437,0.9364900588989258,True
40,7,1456.0,1310.0,255.0,162.0,1.3216553926467896,0.934428870677948,True
40,8,834.0,787.0,311.0,155.0,2.0691614151000977,0.9344778656959534,True
40,9,1590.0,1212.0,265.0,165.0,0.688152015209198,0.9407151341438293,True
40,10,714.0,1327.0,233.0,173.0,2.2188327312469482,0.9369240403175354,True
40,11,977.0,1269.0,265.0,152.0,1.0407063961029053,0.9340363144874573,True
40,12,1427.0,423.0,293.0,160.0,1.926864504814148,0.9280009269714355,True
40,13,843.0,1289.0,283.0,140.0,1.5029033422470093,0.924140989780426,True
40,14,1277.0,1299.0,290.0,164.0,0.19330629706382751,0.9389813542366028,True
40,15,1295.0,1413.0,253.0,177.0,-0.3841281831264496,0.9340139627456665,True
41,1,1266.0,876.0,254.0,179.0,1.7312140464782715,0.950223445892334,True
41,2,1691.0,877.0,255.0,174.0,0.47123658657073975,0.9437206983566284,True
41,3,879.0,1092.0,293.0,156.0,-0.1538376659154892,0.9383609294891357,True
41,4,1701.0,1018.0,232.0,157.0,-0.4893471896648407,0.9393624067306519,True
41,5,1718.0,1155.0,254.0,168.0,1.786683201789856,0.9414167404174805,True
41,6,896.0,956.0,277.0,156.0,-0.2372732013463974,0.9381948113441467,True
41,7,1456.0,1310.0,256.0,162.0,1.3276950120925903,0.935759425163269,True
41,8,834.0,787.0,311.0,155.0,2.069833755493164,0.9345592856407166,True
41,9,1590.0,1212.0,265.0,165.0,0.6901206970214844,0.9395273923873901,True
41,10,714.0,1327.0,233.0,173.0,2.2199532985687256,0.9367886781692505,True
41,11,979.0,1272.0,261.0,155.0,1.035706877708435,0.9331305027008057,True
41,12,1428.0,421.0,288.0,159.0,1.9506813287734985,0.9282602667808533,True
41,13,843.0,1290.0,281.0,140.0,1.4969737529754639,0.9235886931419373,True
41,14,1276.0,1300.0,290.0,165.0,0.20133648812770844,0.9404246807098389,True
41,15,1294.0,1413.0,252.0,175.0,-0.36817243695259094,0.93328458070755,True
42,1,1265.0,877.0,254.0,178.0,1.7104045152664185,0.9492523074150085,True
42,2,1690.0,877.0,255.0,173.0,0.4581325948238373,0.9455535411834717,True
42,3,879.0,1092.0,292.0,156.0,-0.15393708646297455,0.9385861158370972,True
42,4,1703.0,1016.0,229.0,157.0,-0.4839269518852234,0.9398665428161621,True
42,5,1719.0,1156.0,252.0,171.0,1.839060664176941,0.94196617603302,True
42,6,895.0,956.0,278.0,154.0,-0.22664594650268555,0.9401659369468689,True
42,7,1456.0,1310.0,258.0,165.0,1.3112092018127441,0.9347171783447266,True
42,8,835.0,786.0,310.0,156.0,2.0649428367614746,0.9352762699127197,True
42,9,1590.0,1213.0,265.0,163.0,0.6711172461509705,0.9367978572845459,True
42,10,714.0,1328.0,234.0,173.0,2.209307909011841,0.9359679222106934,True
42,11,979.0,1272.0,263.0,155.0,1.035727858543396,0.9316343665122986,True
42,12,1428.0,423.0,293.0,162.0,1.953837513923645,0.9303580522537231,True
42,13,843.0,1288.0,280.0,140.0,1.4919440746307373,0.9242158532142639,True
42,14,1275.0,1299.0,293.0,167.0,0.21830277144908905,0.9398191571235657,True
42,15,1294.0,1414.0,249.0,177.0,-0.4031244218349457,0.9316394329071045,True
43,1,1265.0,877.0,254.0,178.0,1.7165191173553467,0.9496247172355652,True
43,2,1690.0,877.0,255.0,174.0,0.4633384346961975,0.9454289674758911,True
43,3,879.0,1092.0,293.0,156.0,-0.14816312491893768,0.9393455982208252,True
43,4,1701.0,1017.0,232.0,158.0,-0.4984185993671417,0.9398441314697266,True
43,5,1719.0,1156.0,253.0,171.0,1.8400148153305054,0.9421095252037048,True
43,6,895.0,956.0,278.0,154.0,-0.22818966209888458,0.9394639730453491,True
43,7,1456.0,1310.0,260.0,163.0,1.2949581146240234,0.9351476430892944,True
43,8,835.0,786.0,311.0,155.0,2.0706348419189453,0.935268223285675,True
43,9,1590.0,1213.0,264.0,163.0,0.668766975402832,0.9359933137893677,True
43,10,714.0,1328.0,235.0,173.0,2.2007832527160645,0.9362091422080994,True
43,11,979.0,1272.0,264.0,155.0,1.0205597877502441,0.9308151006698608,True
43,12,1427.0,423.0,292.0,161.0,1.9563910961151123,0.9302523136138916,True
43,13,843.0,1288.0,280.0,140.0,1.4924649000167847,0.9246541857719421,True
43,14,1277.0,1300.0,296.0,167.0,0.20806722342967987,0.9395001530647278,True
43,15,1293.0,1418.0,244.0,170.0,-0.34586477279663086,0.9304484724998474,True
44,1,1265.0,877.0,255.0,178.0,1.7180907726287842,0.950127899646759,True
44,2,1690.0,877.0,255.0,173.0,0.4616646468639374,0.9453177452087402,True
44,3,878.0,1093.0,293.0,155.0,-0.15162600576877594,0.9384875297546387,True
44,4,1701.0,1017.0,231.0,158.0,-0.49008533358573914,0.9394311308860779,True
44,5,1719.0,1156.0,253.0,171.0,1.8304171562194824,0.9418322443962097,True
44,6,895.0,956.0,278.0,153.0,-0.22502672672271729,0.9392225742340088,True
44,7,1457.0,1309.0,260.0,166.0,1.2874388694763184,0.9364225268363953,True
44,8,835.0,785.0,311.0,155.0,2.0707502365112305,0.9354681968688965,True
44,9,1590.0,1213.0,264.0,164.0,0.6710716485977173,0.9360686540603638,True
44,10,714.0,1328.0,234.0,173.0,2.2027008533477783,0.9363638758659363,True
44,11,978.0,1271.0,265.0,155.0,1.0117645263671875,0.931407630443573,True
44,12,1428.0,423.0,293.0,161.0,1.9612420797348022,0.9302851557731628,True
44,13,843.0,1288.0,280.0,140.0,1.4853218793869019,0.9246628284454346,True
44,14,1277.0,1301.0,297.0,167.0,0.2454226016998291,0.9412510395050049,True
44,15,1293.0,1416.0,245.0,173.0,-0.35301926732063293,0.9312974810600281,True
45,1,1265.0,877.0,255.0,178.0,1.718641996383667,0.9501888155937195,True
45,2,1689.0,877.0,255.0,173.0,0.45979297161102295,0.9449098110198975,True
45,3,879.0,1093.0,291.0,155.0,-0.15348641574382782,0.9376990795135498,True
45,4,1701.0,1017.0,231.0,158.0,-0.4858195185661316,0.9391189813613892,True
45,5,1719.0,1156.0,254.0,171.0,1.8306450843811035,0.9424508213996887,True
45,6,896.0,956.0,273.0,156.0,-0.23141023516654968,0.9384194016456604,True
45,7,1458.0,1308.0,258.0,166.0,1.2897889614105225,0.9361180067062378,True
45,8,835.0,785.0,311.0,155.0,2.067628860473633,0.935718834400177,True
45,9,1590.0,1213.0,264.0,164.0,0.6745256781578064,0.9360331892967224,True
45,10,714.0,1328.0,234.0,173.0,2.201784610748291,0.9365607500076294,True
45,11,978.0,1271.0,267.0,156.0,1.0150073766708374,0.9312142729759216,True
45,12,1428.0,421.0,288.0,160.0,1.965597152709961,0.9296092391014099,True
45,13,843.0,1288.0,281.0,140.0,1.484549641609192,0.9246106743812561,True
45,14,1275.0,1301.0,297.0,167.0,0.2572326958179474,0.9422426223754883,True
45,15,1292.0,1417.0,242.0,172.0,-0.35098397731781006,0.9309887290000916,True
46,1,1265.0,877.0,255.0,178.0,1.7216150760650635,0.9504323601722717,True
46,2,1690.0,877.0,256.0,173.0,0.4611819088459015,0.9449570775032043,True
46,3,879.0,1093.0,290.0,156.0,-0.14877086877822876,0.9384518265724182,True
46,4,1701.0,1017.0,231.0,158.0,-0.49203062057495117,0.9394012689590454,True
46,5,1719.0,1156.0,255.0,171.0,1.8325051069259644,0.9425105452537537,True
46,6,897.0,956.0,273.0,156.0,-0.2325056791305542,0.9386442303657532,True
46,7,1459.0,1308.0,259.0,165.0,1.293724775314331,0.9363610744476318,True
46,8,835.0,785.0,310.0,155.0,2.071164846420288,0.9358562231063843,True
46,9,1590.0,1213.0,264.0,163.0,0.6767562031745911,0.9361855387687683,True
46,10,714.0,1328.0,234.0,173.0,2.202387571334839,0.9368634819984436,True
46,11,979.0,1272.0,265.0,156.0,1.012325644493103,0.9308706521987915,True
46,12,1428.0,423.0,284.0,160.0,1.9717156887054443,0.9298904538154602,True
46,13,843.0,1288.0,280.0,140.0,1.4848840236663818,0.9248197674751282,True
46,14,1274.0,1301.0,296.0,167.0,0.26536595821380615,0.9414664506912231,True
46,15,1291.0,1417.0,241.0,172.0,-0.3495808243751526,0.9301354289054871,True
47,1,1265.0,877.0,255.0,178.0,1.7163853645324707,0.9505950808525085,True
47,2,1690.0,877.0,256.0,173.0,0.4619746506214142,0.9446712732315063,True
47,3,879.0,1092.0,290.0,156.0,-0.145110622048378,0.9384710788726807,True
47,4,1701.0,1017.0,231.0,158.0,-0.48876136541366577,0.9394762516021729,True
47,5,1719.0,1156.0,254.0,171.0,1.8349937200546265,0.9429292678833008,True
47,6,896.0,956.0,274.0,156.0,-0.22230803966522217,0.9375609159469604,True
47,7,1459.0,1308.0,259.0,165.0,1.2929484844207764,0.9368719458580017,True
47,8,832.0,787.0,315.0,156.0,2.0508248805999756,0.933235228061676,True
47,9,1590.0,1213.0,264.0,163.0,0.6727254986763,0.9362306594848633,True
47,10,714.0,1328.0,234.0,173.0,2.2013001441955566,0.9369190335273743,True
47,11,978.0,1271.0,265.0,156.0,1.0084667205810547,0.9314708113670349,True
47,12,1428.0,423.0,284.0,160.0,1.9766285419464111,0.9299249053001404,True
47,13,843.0,1288.0,280.0,140.0,1.4873358011245728,0.9248805046081543,True
47,14,1274.0,1301.0,296.0,167.0,0.2643629312515259,0.9410305619239807,True
47,15,1292.0,1418.0,242.0,169.0,-0.34457775950431824,0.9302417039871216,True
48,1,1265.0,877.0,255.0,178.0,1.715428352355957,0.9505308866500854,True
48,2,1690.0,877.0,256.0,173.0,0.46451717615127563,0.9448496699333191,True
48,3,879.0,1093.0,290.0,156.0,-0.14684416353702545,0.9385571479797363,True
48,4,1701.0,1017.0,231.0,158.0,-0.4872315526008606,0.939483642578125,True
48,5,1719.0,1156.0,255.0,172.0,1.8343055248260498,0.9429596662521362,True
48,6,896.0,956.0,274.0,156.0,-0.22368748486042023,0.9375763535499573,True
48,7,1459.0,1308.0,259.0,165.0,1.2944201231002808,0.9368268251419067,True
48,8,832.0,787.0,315.0,156.0,2.0520031452178955,0.9332141876220703,True
48,9,1590.0,1213.0,264.0,163.0,0.6735771298408508,0.9363029599189758,True
48,10,715.0,1327.0,234.0,173.0,2.203171491622925,0.9368258118629456,True
48,11,978.0,1271.0,265.0,156.0,1.0098875761032104,0.9313614964485168,True
48,12,1428.0,423.0,284.0,160.0,1.9775612354278564,0.9299671649932861,True
48,13,843.0,1288.0,280.0,140.0,1.4874833822250366,0.9249559044837952,True
48,14,1274.0,1301.0,295.0,167.0,0.26297566294670105,0.9409691095352173,True
48,15,1292.0,1418.0,242.0,170.0,-0.3468112051486969,0.9305410385131836,True
49,1,1265.0,877.0,255.0,177.0,1.7167173624038696,0.9500883221626282,True
49,2,1690.0,877.0,256.0,173.0,0.46362265944480896,0.9451923966407776,True
49,3,879.0,1093.0,289.0,156.0,-0.14216910302639008,0.9379999041557312,True
49,4,1704.0,1016.0,227.0,158.0,-0.4706566631793976,0.9394699335098267,True
49,5,1718.0,1156.0,255.0,172.0,1.8297268152236938,0.9434487819671631,True
49,6,898.0,957.0,276.0,154.0,-0.21733495593070984,0.9380853772163391,True
49,7,1459.0,1307.0,258.0,164.0,1.2860257625579834,0.9364394545555115,True
49,8,833.0,790.0,318.0,158.0,2.0453269481658936,0.9314718246459961,True
49,9,1590.0,1213.0,265.0,162.0,0.6756506562232971,0.9368172287940979,True
49,10,715.0,1327.0,234.0,173.0,2.222283124923706,0.9356109499931335,True
49,11,978.0,1271.0,264.0,156.0,1.0134859085083008,0.9317410588264465,True
49,12,1428.0,422.0,287.0,160.0,1.9793871641159058,0.9289135932922363,True
49,13,843.0,1288.0,279.0,140.0,1.4863581657409668,0.9243614673614502,True
49,14,1272.0,1302.0,295.0,166.0,0.25706735253334045,0.9417152404785156,True
49,15,1294.0,1417.0,242.0,168.0,-0.3252350091934204,0.9318441152572632,True
50,1,1265.0,877.0,255.0,177.0,1.717071294784546,0.9500201940536499,True
50,2,1690.0,877.0,256.0,173.0,0.4601599872112274,0.9449816942214966,True
50,3,879.0,1093.0,289.0,156.0,-0.1448301076889038,0.9378201365470886,True
50,4,1704.0,1016.0,228.0,158.0,-0.4722742438316345,0.9394688010215759,True
50,5,1718.0,1156.0,256.0,171.0,1.8269190788269043,0.9434937834739685,True
50,6,899.0,957.0,274.0,153.0,-0.2224707156419754,0.9384605288505554,True
50,7,1459.0,1307.0,258.0,164.0,1.283823847770691,0.9365895390510559,True
50,8,833.0,790.0,318.0,157.0,2.050020933151245,0.9312149882316589,True
50,9,1590.0,1213.0,266.0,163.0,0.6746794581413269,0.9370595812797546,True
50,10,715.0,1327.0,234.0,173.0,2.222136974334717,0.9357110857963562,True
50,11,980.0,1273.0,259.0,156.0,1.0209712982177734,0.9312023520469666,True
50,12,1429.0,421.0,289.0,160.0,1.9826796054840088,0.929264485836029,True
50,13,843.0,1288.0,279.0,140.0,1.4875998497009277,0.9245796203613281,True
50,14,1273.0,1302.0,295.0,166.0,0.2682034969329834,0.9413751363754272,True
50,15,1294.0,1417.0,243.0,167.0,-0.3260831832885742,0.9314688444137573,True
51,1,1265.0,877.0,255.0,177.0,1.7231045961380005,0.9499197006225586,True
51,2,1689.0,876.0,257.0,173.0,0.460810124874115,0.9447813630104065,True
51,3,879.0,1093.0,289.0,157.0,-0.14237123727798462,0.9375174641609192,True
51,4,1701.0,1017.0,231.0,158.0,-0.48639392852783203,0.9390000104904175,True
51,5,1718.0,1157.0,257.0,171.0,1.822534203529358,0.9428919553756714,True
51,6,900.0,957.0,273.0,154.0,-0.21892070770263672,0.9382594227790833,True
51,7,1458.0,1308.0,257.0,165.0,1.2891377210617065,0.9375759959220886,True
51,8,835.0,786.0,314.0,155.0,2.0532329082489014,0.9344043731689453,True
51,9,1590.0,1214.0,266.0,163.0,0.6720684170722961,0.936732292175293,True
51,10,714.0,1327.0,234.0,173.0,2.2194533348083496,0.9358923435211182,True
51,11,981.0,1275.0,255.0,156.0,1.0249584913253784,0.9308170676231384,True
51,12,1429.0,421.0,289.0,160.0,1.981827735900879,0.9281631708145142,True
51,13,843.0,1288.0,279.0,141.0,1.4863933324813843,0.9254145622253418,True
51,14,1272.0,1302.0,294.0,165.0,0.2760528028011322,0.9408872127532959,True
51,15,1295.0,1417.0,242.0,167.0,-0.3178670108318329,0.9310253262519836,True
52,1,1265.0,877.0,255.0,177.0,1.7191166877746582,0.949978768825531,True
52,2,1690.0,876.0,257.0,173.0,0.4604107141494751,0.9449028968811035,True
52,3,879.0,1093.0,289.0,157.0,-0.14634466171264648,0.9373835325241089,True
52,4,1702.0,1017.0,231.0,158.0,-0.48649418354034424,0.9389142990112305,True
52,5,1718.0,1157.0,257.0,172.0,1.8235077857971191,0.9428656697273254,True
52,6,900.0,957.0,273.0,153.0,-0.2161094695329666,0.9382771849632263,True
52,7,1458.0,1308.0,257.0,165.0,1.2909808158874512,0.9376482367515564,True
52,8,835.0,785.0,313.0,155.0,2.056457042694092,0.9348593354225159,True
52,9,1590.0,1214.0,266.0,162.0,0.6715008616447449,0.9368316531181335,True
52,10,715.0,1327.0,234.0,173.0,2.218885660171509,0.936186671257019,True
52,11,981.0,1275.0,255.0,156.0,1.0239611864089966,0.9307732582092285,True
52,12,1428.0,422.0,285.0,160.0,1.9765790700912476,0.927344560623169,True
52,13,843.0,1288.0,280.0,141.0,1.48787260055542,0.925440788269043,True
52,14,1272.0,1302.0,294.0,165.0,0.27602386474609375,0.9408283233642578,True
52,15,1295.0,1416.0,241.0,168.0,-0.3215935528278351,0.930006742477417,True
53,1,1265.0,877.0,255.0,177.0,1.7230660915374756,0.9500753879547119,True
53,2,1690.0,877.0,256.0,172.0,0.4659256041049957,0.9458537697792053,True
53,3,880.0,1092.0,286.0,155.0,-0.15528012812137604,0.9371664524078369,True
53,4,1702.0,1017.0,230.0,158.0,-0.48612502217292786,0.9390138387680054,True
53,5,1718.0,1157.0,257.0,171.0,1.8176180124282837,0.9424659013748169,True
53,6,901.0,957.0,272.0,153.0,-0.21458649635314941,0.9391043782234192,True
53,7,1457.0,1308.0,257.0,165.0,1.2907642126083374,0.9379549026489258,True
53,8,836.0,784.0,314.0,154.0,2.0534708499908447,0.9348070621490479,True
53,9,1591.0,1214.0,266.0,163.0,0.6657721400260925,0.9367199540138245,True
53,10,715.0,1327.0,234.0,173.0,2.2175133228302,0.9367120862007141,True
53,11,981.0,1275.0,256.0,156.0,1.0177319049835205,0.9312780499458313,True
53,12,1428.0,421.0,287.0,160.0,1.9708908796310425,0.9275798201560974,True
53,13,843.0,1288.0,280.0,141.0,1.4828428030014038,0.9253976941108704,True
53,14,1272.0,1303.0,295.0,164.0,0.2770825922489166,0.9405182003974915,True
53,15,1295.0,1416.0,242.0,168.0,-0.3252043128013611,0.930314302444458,True
54,1,1265.0,877.0,255.0,177.0,1.7236937284469604,0.9500490427017212,True
54,2,1690.0,877.0,256.0,172.0,0.46457889676094055,0.9457118511199951,True
54,3,880.0,1092.0,285.0,155.0,-0.15501445531845093,0.9370129108428955,True
54,4,1702.0,1017.0,230.0,158.0,-0.4858214259147644,0.9391006827354431,True
54,5,1718.0,1157.0,257.0,171.0,1.8178482055664062,0.9423934817314148,True
54,6,901.0,957.0,272.0,153.0,-0.21299871802330017,0.9388633370399475,True
54,7,1457.0,1308.0,257.0,165.0,1.2910791635513306,0.9379802942276001,True
54,8,836.0,784.0,314.0,154.0,2.052356004714966,0.9347705841064453,True
54,9,1591.0,1214.0,266.0,163.0,0.6660306453704834,0.9367925524711609,True
54,10,715.0,1327.0,234.0,173.0,2.217327117919922,0.9367401003837585,True
54,11,981.0,1275.0,256.0,156.0,1.0188950300216675,0.9312542676925659,True
54,12,1428.0,421.0,288.0,160.0,1.9694737195968628,0.9272112250328064,True
54,13,843.0,1288.0,280.0,141.0,1.4829705953598022,0.9254264831542969,True
54,14,1272.0,1303.0,296.0,164.0,0.2755536735057831,0.9405907988548279,True
54,15,1295.0,1416.0,242.0,168.0,-0.3263041377067566,0.9301449656486511,True
55,1,1265.0,877.0,255.0,177.0,1.7220494747161865,0.9497070908546448,True
55,2,1690.0,877.0,256.0,172.0,0.4679514169692993,0.9449515342712402,True
55,3,880.0,1092.0,286.0,156.0,-0.15146684646606445,0.9384332895278931,True
55,4,1702.0,1017.0,230.0,158.0,-0.49379366636276245,0.9396183490753174,True
55,5,1718.0,1157.0,256.0,171.0,1.8145525455474854,0.9427477121353149,True
55,6,901.0,958.0,272.0,153.0,-0.2148321270942688,0.9390373229980469,True
55,7,1457.0,1308.0,258.0,165.0,1.296265721321106,0.9388929009437561,True
55,8,836.0,784.0,314.0,154.0,2.056903600692749,0.9344790577888489,True
55,9,1591.0,1214.0,266.0,163.0,0.6650024056434631,0.9366117715835571,True
55,10,715.0,1327.0,234.0,173.0,2.2197253704071045,0.9369466304779053,True
55,11,981.0,1274.0,257.0,156.0,1.0222585201263428,0.9314044117927551,True
55,12,1428.0,421.0,287.0,160.0,1.9600509405136108,0.9274251461029053,True
55,13,843.0,1287.0,284.0,141.0,1.478149175643921,0.9266259074211121,True
55,14,1272.0,1303.0,296.0,164.0,0.27341729402542114,0.9401181936264038,True
55,15,1295.0,1416.0,242.0,168.0,-0.3250044584274292,0.9310746192932129,True
56,1,1265.0,877.0,255.0,177.0,1.720647931098938,0.9496626853942871,True
56,2,1690.0,875.0,255.0,173.0,0.4653528928756714,0.9447470307350159,True
56,3,878.0,1093.0,290.0,157.0,-0.13966841995716095,0.9386632442474365,True
56,4,1702.0,1017.0,230.0,158.0,-0.4935406446456909,0.9395098090171814,True
56,5,1718.0,1157.0,256.0,171.0,1.8155072927474976,0.9429327845573425,True
56,6,901.0,958.0,271.0,153.0,-0.2104022204875946,0.9391924738883972,True
56,7,1457.0,1308.0,258.0,165.0,1.2917301654815674,0.9389200806617737,True
56,8,836.0,784.0,314.0,154.0,2.055428981781006,0.9340514540672302,True
56,9,1591.0,1214.0,266.0,163.0,0.663902759552002,0.9364882111549377,True
56,10,715.0,1327.0,234.0,173.0,2.213156223297119,0.9371044635772705,True
56,11,981.0,1274.0,257.0,156.0,1.0233433246612549,0.9314622282981873,True
56,12,1427.0,423.0,291.0,162.0,1.9644804000854492,0.927452564239502,True
56,13,843.0,1287.0,284.0,141.0,1.4784232378005981,0.9267941117286682,True
56,14,1272.0,1303.0,298.0,164.0,0.27974486351013184,0.940089762210846,True
56,15,1296.0,1415.0,242.0,169.0,-0.33014705777168274,0.930526077747345,True
57,1,1265.0,877.0,255.0,177.0,1.717768907546997,0.949447751045227,True
57,2,1690.0,877.0,256.0,172.0,0.46904581785202026,0.944905161857605,True
57,3,878.0,1093.0,290.0,157.0,-0.14318063855171204,0.9384770393371582,True
57,4,1702.0,1017.0,230.0,158.0,-0.49080654978752136,0.9392992258071899,True
57,5,1718.0,1157.0,256.0,170.0,1.8197942972183228,0.9429483413696289,True
57,6,901.0,958.0,272.0,153.0,-0.210867777466774,0.9392699003219604,True
57,7,1457.0,1308.0,259.0,166.0,1.2949095964431763,0.9390233159065247,True
57,8,836.0,784.0,313.0,154.0,2.054610013961792,0.9346396923065186,True
57,9,1591.0,1214.0,266.0,163.0,0.6660285592079163,0.9362262487411499,True
57,10,715.0,1327.0,234.0,172.0,2.2093493938446045,0.9372475147247314,True
57,11,981.0,1275.0,257.0,156.0,1.018509864807129,0.931186318397522,True
57,12,1428.0,421.0,290.0,162.0,1.9831411838531494,0.9271837472915649,True
57,13,843.0,1287.0,285.0,141.0,1.4792507886886597,0.9266265034675598,True
57,14,1272.0,1303.0,297.0,163.0,0.28482112288475037,0.940305769443512,True
57,15,1296.0,1415.0,242.0,169.0,-0.3216278553009033,0.931149423122406,True
58,1,1265.0,877.0,255.0,177.0,1.7161825895309448,0.949367880821228,True
58,2,1690.0,877.0,256.0,172.0,0.47275999188423157,0.9450284242630005,True
58,3,878.0,1093.0,290.0,157.0,-0.1405326873064041,0.9385992884635925,True
58,4,1701.0,1017.0,230.0,158.0,-0.4917629063129425,0.9394561648368835,True
58,5,1717.0,1157.0,256.0,170.0,1.8162065744400024,0.9424312710762024,True
58,6,902.0,958.0,271.0,153.0,-0.21358220279216766,0.9394019842147827,True
58,7,1457.0,1309.0,259.0,166.0,1.3024635314941406,0.939297616481781,True
58,8,836.0,784.0,313.0,154.0,2.0581741333007812,0.934694766998291,True
58,9,1593.0,1215.0,264.0,162.0,0.6647918224334717,0.9360151290893555,True
58,10,715.0,1327.0,234.0,172.0,2.208099365234375,0.9366167783737183,True
58,11,981.0,1275.0,257.0,156.0,1.0239677429199219,0.930777907371521,True
58,12,1429.0,420.0,291.0,162.0,1.9887851476669312,0.9273251891136169,True
58,13,843.0,1288.0,285.0,141.0,1.4793872833251953,0.9264612197875977,True
58,14,1272.0,1303.0,298.0,163.0,0.30836188793182373,0.9406160712242126,True
58,15,1296.0,1415.0,242.0,170.0,-0.32851555943489075,0.9304937720298767,True
59,1,1265.0,877.0,255.0,177.0,1.715258002281189,0.9493974447250366,True
59,2,1690.0,877.0,256.0,172.0,0.4714827239513397,0.9450262784957886,True
59,3,878.0,1093.0,289.0,157.0,-0.13801313936710358,0.9382094144821167,True
59,4,1701.0,1017.0,230.0,158.0,-0.4936935305595398,0.9393622279167175,True
59,5,1717.0,1157.0,256.0,170.0,1.8166548013687134,0.9425498843193054,True
59,6,902.0,958.0,271.0,153.0,-0.21477800607681274,0.9392625093460083,True
59,7,1458.0,1308.0,259.0,165.0,1.2940009832382202,0.9393476843833923,True
59,8,836.0,785.0,314.0,154.0,2.0607028007507324,0.934853732585907,True
59,9,1591.0,1214.0,267.0,163.0,0.6616959571838379,0.9359235763549805,True
59,10,715.0,1327.0,234.0,172.0,2.2081310749053955,0.9367280602455139,True
59,11,980.0,1273.0,260.0,156.0,1.0142637491226196,0.9314508438110352,True
59,12,1428.0,421.0,289.0,161.0,1.9893819093704224,0.9276753067970276,True
59,13,843.0,1287.0,286.0,141.0,1.4766651391983032,0.9265934228897095,True
59,14,1269.0,1302.0,298.0,164.0,0.33501163125038147,0.9395655989646912,True
59,15,1293.0,1417.0,243.0,170.0,-0.34272074699401855,0.9308744072914124,True
60,1,1265.0,877.0,255.0,177.0,1.7155356407165527,0.9494004249572754,True
60,2,1690.0,877.0,256.0,172.0,0.4705086350440979,0.9448397159576416,True
60,3,878.0,1093.0,289.0,157.0,-0.1380765289068222,0.9382365942001343,True
60,4,1701.0,1017.0,230.0,158.0,-0.49329525232315063,0.9394033551216125,True
60,5,1717.0,1157.0,256.0,170.0,1.815801739692688,0.9427335262298584,True
60,6,902.0,958.0,271.0,153.0,-0.21463985741138458,0.9391868114471436,True
60,7,1458.0,1308.0,259.0,165.0,1.293220043182373,0.9391997456550598,True
60,8,836.0,785.0,314.0,154.0,2.0608127117156982,0.9348117709159851,True
60,9,1591.0,1214.0,267.0,163.0,0.6609624028205872,0.9359782934188843,True
60,10,715.0,1327.0,234.0,172.0,2.2085373401641846,0.936765730381012,True
60,11,980.0,1273.0,260.0,156.0,1.013393521308899,0.931423544883728,True
60,12,1428.0,422.0,288.0,161.0,1.9893940687179565,0.9273418188095093,True
60,13,843.0,1287.0,286.0,141.0,1.4768966436386108,0.9264523386955261,True
60,14,1269.0,1302.0,298.0,164.0,0.33497530221939087,0.9395631551742554,True
60,15,1293.0,1417.0,243.0,170.0,-0.3410038650035858,0.9309834837913513,True
