track_id,start_frame,end_frame,num_points,detected_points,mean_confidence,start_time,end_time,duration_s,detected_ratio
1,1,810,810,810,0.9100560548128905,2026-06-01 00:00:00.000000000,2026-06-01 00:00:26.966666667,26.966666666666665,1.0
8,1,810,810,810,0.9056733750266793,2026-06-01 00:00:00.000000000,2026-06-01 00:00:26.966666667,26.966666666666665,1.0
29,47,810,764,764,0.9089616764122279,2026-06-01 00:00:01.533333332,2026-06-01 00:00:26.966666667,25.433333333333334,1.0
2,1,670,670,670,0.911870402097702,2026-06-01 00:00:00.000000000,2026-06-01 00:00:22.300000000,22.3,1.0
61,147,810,664,664,0.9003096085984305,2026-06-01 00:00:04.866666667,2026-06-01 00:00:26.966666667,22.1,1.0
37,60,718,659,659,0.8928389041394854,2026-06-01 00:00:01.966666667,2026-06-01 00:00:23.900000000,21.933333333333334,1.0
68,178,810,633,633,0.8936311727828136,2026-06-01 00:00:05.900000000,2026-06-01 00:00:26.966666667,21.066666666666666,1.0
89,240,810,571,571,0.9053458971234003,2026-06-01 00:00:07.966666667,2026-06-01 00:00:26.966666667,19.0,1.0
107,277,810,534,534,0.8950053705704792,2026-06-01 00:00:09.200000000,2026-06-01 00:00:26.966666667,17.766666666666666,1.0
52,131,657,527,527,0.9061575043359789,2026-06-01 00:00:04.333333333,2026-06-01 00:00:21.866666667,17.533333333333335,1.0
80,228,617,390,390,0.8719021410514147,2026-06-01 00:00:07.566666667,2026-06-01 00:00:20.533333332,12.966666666666667,1.0
32,54,435,382,382,0.8976366850718154,2026-06-01 00:00:01.766666667,2026-06-01 00:00:14.466666667,12.7,1.0
120,435,810,376,376,0.8948187224883982,2026-06-01 00:00:14.466666667,2026-06-01 00:00:26.966666667,12.5,1.0
108,281,554,274,274,0.8801883774517226,2026-06-01 00:00:09.333333333,2026-06-01 00:00:18.433333333,9.1,1.0
126,555,810,256,256,0.8993175653740764,2026-06-01 00:00:18.466666667,2026-06-01 00:00:26.966666667,8.5,1.0
45,107,352,246,246,0.8987947566722466,2026-06-01 00:00:03.533333332,2026-06-01 00:00:11.700000000,8.166666666666666,1.0
3,1,242,242,242,0.9048963996989667,2026-06-01 00:00:00.000000000,2026-06-01 00:00:08.033333333,8.033333333333333,1.0
130,569,810,242,242,0.875326271145797,2026-06-01 00:00:18.933333333,2026-06-01 00:00:26.966666667,8.033333333333333,1.0
111,349,567,219,219,0.85505050788187,2026-06-01 00:00:11.600000000,2026-06-01 00:00:18.866666667,7.266666666666667,1.0
25,41,232,192,192,0.8884583506733179,2026-06-01 00:00:01.333333333,2026-06-01 00:00:07.700000000,6.366666666666666,1.0
137,619,810,192,192,0.9012952605262399,2026-06-01 00:00:20.600000000,2026-06-01 00:00:26.966666667,6.366666666666666,1.0
103,267,441,175,175,0.8648164663996015,2026-06-01 00:00:08.866666667,2026-06-01 00:00:14.666666667,5.8,1.0
6,1,166,166,166,0.8738421357898827,2026-06-01 00:00:00.000000000,2026-06-01 00:00:05.500000000,5.5,1.0
127,564,717,154,154,0.8990629005741764,2026-06-01 00:00:18.766666667,2026-06-01 00:00:23.866666667,5.1,1.0
26,42,194,153,153,0.8936814841102151,2026-06-01 00:00:01.366666667,2026-06-01 00:00:06.433333333,5.066666666666666,1.0
143,670,810,141,141,0.901925876208231,2026-06-01 00:00:22.300000000,2026-06-01 00:00:26.966666667,4.666666666666667,1.0
9,1,137,137,137,0.8952073324335753,2026-06-01 00:00:00.000000000,2026-06-01 00:00:04.533333332,4.533333333333333,1.0
10,1,131,131,131,0.8933496570769157,2026-06-01 00:00:00.000000000,2026-06-01 00:00:04.333333333,4.333333333333333,1.0
124,445,564,120,120,0.8767868575950464,2026-06-01 00:00:14.800000000,2026-06-01 00:00:18.766666667,3.966666666666667,1.0
5,1,117,117,117,0.898073650832869,2026-06-01 00:00:00.000000000,2026-06-01 00:00:03.866666667,3.8666666666666667,1.0
35,57,159,103,103,0.8751599019013562,2026-06-01 00:00:01.866666667,2026-06-01 00:00:05.266666667,3.4,1.0
168,717,810,94,94,0.9044376801937184,2026-06-01 00:00:23.866666667,2026-06-01 00:00:26.966666667,3.1,1.0
170,720,810,91,91,0.8976757113750164,2026-06-01 00:00:23.966666667,2026-06-01 00:00:26.966666667,3.0,1.0
141,657,740,84,84,0.8390298631219637,2026-06-01 00:00:21.866666667,2026-06-01 00:00:24.633333333,2.7666666666666666,1.0
176,739,810,72,72,0.88270054012537,2026-06-01 00:00:24.600000000,2026-06-01 00:00:26.966666667,2.3666666666666667,1.0
63,159,229,71,71,0.7670549502674963,2026-06-01 00:00:05.266666667,2026-06-01 00:00:07.600000000,2.3333333333333335,1.0
73,195,258,64,64,0.7747362335212529,2026-06-01 00:00:06.466666667,2026-06-01 00:00:08.566666667,2.1,1.0
74,198,260,63,63,0.7890194810572124,2026-06-01 00:00:06.566666667,2026-06-01 00:00:08.633333333,2.066666666666667,1.0
4,1,57,57,57,0.90011713797586,2026-06-01 00:00:00.000000000,2026-06-01 00:00:01.866666667,1.8666666666666667,1.0
28,45,98,54,54,0.8592940281938624,2026-06-01 00:00:01.466666667,2026-06-01 00:00:03.233333333,1.7666666666666666,1.0
16,3,54,52,52,0.8907241729589609,2026-06-01 00:00:00.066666667,2026-06-01 00:00:01.766666667,1.7,1.0
14,1,49,49,49,0.8203809839122149,2026-06-01 00:00:00.000000000,2026-06-01 00:00:01.600000000,1.6,1.0
7,1,44,44,44,0.897774261507121,2026-06-01 00:00:00.000000000,2026-06-01 00:00:01.433333333,1.4333333333333333,1.0
13,1,41,41,41,0.8602888831278173,2026-06-01 00:00:00.000000000,2026-06-01 00:00:01.333333333,1.3333333333333333,1.0
11,1,36,36,36,0.8916725930240419,2026-06-01 00:00:00.000000000,2026-06-01 00:00:01.166666667,1.1666666666666667,1.0
81,228,261,34,34,0.800799269010039,2026-06-01 00:00:07.566666667,2026-06-01 00:00:08.666666667,1.1,1.0
15,1,33,33,33,0.7781641537492926,2026-06-01 00:00:00.000000000,2026-06-01 00:00:01.066666667,1.0666666666666667,1.0
55,137,166,30,30,0.7096706340710323,2026-06-01 00:00:04.533333332,2026-06-01 00:00:05.500000000,0.9666666666666667,1.0
99,258,278,21,21,0.8108859686624437,2026-06-01 00:00:08.566666667,2026-06-01 00:00:09.233333333,0.6666666666666666,1.0
47,117,135,19,19,0.8220575765559548,2026-06-01 00:00:03.866666667,2026-06-01 00:00:04.466666667,0.6,1.0
69,178,195,18,18,0.7755710002448823,2026-06-01 00:00:05.900000000,2026-06-01 00:00:06.466666667,0.5666666666666667,1.0
157,699,716,18,18,0.6453182763523526,2026-06-01 00:00:23.266666667,2026-06-01 00:00:23.833333333,0.5666666666666667,1.0
100,258,270,13,13,0.7951444089412689,2026-06-01 00:00:08.566666667,2026-06-01 00:00:08.966666667,0.4,1.0
64,166,178,13,13,0.7858380950414218,2026-06-01 00:00:05.500000000,2026-06-01 00:00:05.900000000,0.4,1.0
54,135,144,10,10,0.7840370088815689,2026-06-01 00:00:04.466666667,2026-06-01 00:00:04.766666667,0.3,1.0
93,250,258,9,9,0.8101012375619676,2026-06-01 00:00:08.300000000,2026-06-01 00:00:08.566666667,0.26666666666666666,1.0
109,291,299,9,9,0.7778542704052396,2026-06-01 00:00:09.666666667,2026-06-01 00:00:09.933333333,0.26666666666666666,1.0
72,195,202,8,8,0.48725181445479393,2026-06-01 00:00:06.466666667,2026-06-01 00:00:06.700000000,0.23333333333333334,1.0
66,171,178,8,8,0.8626053929328918,2026-06-01 00:00:05.666666667,2026-06-01 00:00:05.900000000,0.23333333333333334,1.0
159,707,714,8,8,0.43181904777884483,2026-06-01 00:00:23.533333332,2026-06-01 00:00:23.766666667,0.23333333333333334,1.0
110,293,299,7,7,0.7866502574511937,2026-06-01 00:00:09.733333333,2026-06-01 00:00:09.933333333,0.2,1.0
160,708,714,7,7,0.6116934887000492,2026-06-01 00:00:23.566666667,2026-06-01 00:00:23.766666667,0.2,1.0
183,795,800,6,6,0.3491214861472447,2026-06-01 00:00:26.466666667,2026-06-01 00:00:26.633333333,0.16666666666666666,1.0
115,388,393,6,6,0.4983828316132228,2026-06-01 00:00:12.900000000,2026-06-01 00:00:13.066666667,0.16666666666666666,1.0
22,35,40,6,6,0.7459908922513326,2026-06-01 00:00:01.133333333,2026-06-01 00:00:01.300000000,0.16666666666666666,1.0
24,40,45,6,6,0.7020555386940638,2026-06-01 00:00:01.300000000,2026-06-01 00:00:01.466666667,0.16666666666666666,1.0
153,682,686,5,5,0.7417005360126495,2026-06-01 00:00:22.700000000,2026-06-01 00:00:22.833333333,0.13333333333333333,1.0
78,215,219,5,5,0.4346794366836548,2026-06-01 00:00:07.133333333,2026-06-01 00:00:07.266666667,0.13333333333333333,1.0
174,733,737,5,5,0.6215286016464233,2026-06-01 00:00:24.400000000,2026-06-01 00:00:24.533333332,0.13333333333333333,1.0
129,566,570,5,5,0.8630588054656982,2026-06-01 00:00:18.833333333,2026-06-01 00:00:18.966666667,0.13333333333333333,1.0
23,36,40,5,5,0.8777326583862305,2026-06-01 00:00:01.166666667,2026-06-01 00:00:01.300000000,0.13333333333333333,1.0
40,100,104,5,5,0.8193941235542297,2026-06-01 00:00:03.300000000,2026-06-01 00:00:03.433333333,0.13333333333333333,1.0
57,138,142,5,5,0.5475323081016541,2026-06-01 00:00:04.566666667,2026-06-01 00:00:04.700000000,0.13333333333333333,1.0
106,273,277,5,5,0.821144187450409,2026-06-01 00:00:09.066666667,2026-06-01 00:00:09.200000000,0.13333333333333333,1.0
98,255,258,4,4,0.3515305817127227,2026-06-01 00:00:08.466666667,2026-06-01 00:00:08.566666667,0.1,1.0
27,44,47,4,4,0.7877117693424225,2026-06-01 00:00:01.433333333,2026-06-01 00:00:01.533333332,0.1,1.0
62,153,156,4,4,0.5856445282697678,2026-06-01 00:00:05.066666667,2026-06-01 00:00:05.166666667,0.1,1.0
172,732,734,3,3,0.5075158178806305,2026-06-01 00:00:24.366666667,2026-06-01 00:00:24.433333333,0.06666666666666667,1.0
164,714,716,3,3,0.3739972213904063,2026-06-01 00:00:23.766666667,2026-06-01 00:00:23.833333333,0.06666666666666667,1.0
90,241,243,3,3,0.4798479378223419,2026-06-01 00:00:08.000000000,2026-06-01 00:00:08.066666667,0.06666666666666667,1.0
102,261,263,3,3,0.5794381598631541,2026-06-01 00:00:08.666666667,2026-06-01 00:00:08.733333333,0.06666666666666667,1.0
75,205,207,3,3,0.40950973828633624,2026-06-01 00:00:06.800000000,2026-06-01 00:00:06.866666667,0.06666666666666667,1.0
34,55,57,3,3,0.8659547964731852,2026-06-01 00:00:01.800000000,2026-06-01 00:00:01.866666667,0.06666666666666667,1.0
18,30,32,3,3,0.45739911993344623,2026-06-01 00:00:00.966666667,2026-06-01 00:00:01.033333333,0.06666666666666667,1.0
12,1,3,3,3,0.8816150029500326,2026-06-01 00:00:00.000000000,2026-06-01 00:00:00.066666667,0.06666666666666667,1.0
185,798,800,3,3,0.4440376857916514,2026-06-01 00:00:26.566666667,2026-06-01 00:00:26.633333333,0.06666666666666667,1.0
117,390,392,3,3,0.8950223525365194,2026-06-01 00:00:12.966666667,2026-06-01 00:00:13.033333333,0.06666666666666667,1.0
165,715,717,3,3,0.6967000563939413,2026-06-01 00:00:23.800000000,2026-06-01 00:00:23.866666667,0.06666666666666667,1.0
161,709,711,3,3,0.6938371260960897,2026-06-01 00:00:23.600000000,2026-06-01 00:00:23.666666667,0.06666666666666667,1.0
145,673,675,3,3,0.8396745324134827,2026-06-01 00:00:22.400000000,2026-06-01 00:00:22.466666667,0.06666666666666667,1.0
180,757,759,3,3,0.3270622491836548,2026-06-01 00:00:25.200000000,2026-06-01 00:00:25.266666667,0.06666666666666667,1.0
71,193,195,3,3,0.5187449852625529,2026-06-01 00:00:06.400000000,2026-06-01 00:00:06.466666667,0.06666666666666667,1.0
186,799,800,2,2,0.8244042694568634,2026-06-01 00:00:26.600000000,2026-06-01 00:00:26.633333333,0.03333333333333333,1.0
178,747,748,2,2,0.4969751536846161,2026-06-01 00:00:24.866666667,2026-06-01 00:00:24.900000000,0.03333333333333333,1.0
181,757,758,2,2,0.2830129712820053,2026-06-01 00:00:25.200000000,2026-06-01 00:00:25.233333333,0.03333333333333333,1.0
156,695,696,2,2,0.340971976518631,2026-06-01 00:00:23.133333333,2026-06-01 00:00:23.166666667,0.03333333333333333,1.0
171,731,732,2,2,0.34432992339134216,2026-06-01 00:00:24.333333333,2026-06-01 00:00:24.366666667,0.03333333333333333,1.0
167,715,716,2,2,0.672561526298523,2026-06-01 00:00:23.800000000,2026-06-01 00:00:23.833333333,0.03333333333333333,1.0
177,739,740,2,2,0.34346508979797363,2026-06-01 00:00:24.600000000,2026-06-01 00:00:24.633333333,0.03333333333333333,1.0
142,667,668,2,2,0.42241980135440826,2026-06-01 00:00:22.200000000,2026-06-01 00:00:22.233333333,0.03333333333333333,1.0
154,685,686,2,2,0.5208469927310944,2026-06-01 00:00:22.800000000,2026-06-01 00:00:22.833333333,0.03333333333333333,1.0
138,627,628,2,2,0.32615721225738525,2026-06-01 00:00:20.866666667,2026-06-01 00:00:20.900000000,0.03333333333333333,1.0
135,607,608,2,2,0.5942751467227936,2026-06-01 00:00:20.200000000,2026-06-01 00:00:20.233333333,0.03333333333333333,1.0
139,631,632,2,2,0.8758756220340729,2026-06-01 00:00:21.000000000,2026-06-01 00:00:21.033333333,0.03333333333333333,1.0
132,585,586,2,2,0.8474591374397278,2026-06-01 00:00:19.466666667,2026-06-01 00:00:19.500000000,0.03333333333333333,1.0
128,565,566,2,2,0.44031040370464325,2026-06-01 00:00:18.800000000,2026-06-01 00:00:18.833333333,0.03333333333333333,1.0
125,544,545,2,2,0.576196014881134,2026-06-01 00:00:18.100000000,2026-06-01 00:00:18.133333333,0.03333333333333333,1.0
151,679,680,2,2,0.6492143273353577,2026-06-01 00:00:22.600000000,2026-06-01 00:00:22.633333333,0.03333333333333333,1.0
118,391,392,2,2,0.3499078005552292,2026-06-01 00:00:13.000000000,2026-06-01 00:00:13.033333333,0.03333333333333333,1.0
97,253,254,2,2,0.2627634257078171,2026-06-01 00:00:08.400000000,2026-06-01 00:00:08.433333333,0.03333333333333333,1.0
113,387,388,2,2,0.8733048141002655,2026-06-01 00:00:12.866666667,2026-06-01 00:00:12.900000000,0.03333333333333333,1.0
31,49,50,2,2,0.5715038478374481,2026-06-01 00:00:01.600000000,2026-06-01 00:00:01.633333333,0.03333333333333333,1.0
59,142,143,2,2,0.5716783255338669,2026-06-01 00:00:04.700000000,2026-06-01 00:00:04.733333333,0.03333333333333333,1.0
58,142,143,2,2,0.6075148731470108,2026-06-01 00:00:04.700000000,2026-06-01 00:00:04.733333333,0.03333333333333333,1.0
166,715,716,2,2,0.5765625834465027,2026-06-01 00:00:23.800000000,2026-06-01 00:00:23.833333333,0.03333333333333333,1.0
119,391,392,2,2,0.6190666556358337,2026-06-01 00:00:13.000000000,2026-06-01 00:00:13.033333333,0.03333333333333333,1.0
82,230,231,2,2,0.3265525549650192,2026-06-01 00:00:07.633333333,2026-06-01 00:00:07.666666667,0.03333333333333333,1.0
76,207,208,2,2,0.5441562384366989,2026-06-01 00:00:06.866666667,2026-06-01 00:00:06.900000000,0.03333333333333333,1.0
95,250,251,2,2,0.555673748254776,2026-06-01 00:00:08.300000000,2026-06-01 00:00:08.333333333,0.03333333333333333,1.0
96,253,254,2,2,0.587969571352005,2026-06-01 00:00:08.400000000,2026-06-01 00:00:08.433333333,0.03333333333333333,1.0
17,9,9,1,1,0.6929277777671814,2026-06-01 00:00:00.266666667,2026-06-01 00:00:00.266666667,0.0,1.0
20,35,35,1,1,0.5731469988822937,2026-06-01 00:00:01.133333333,2026-06-01 00:00:01.133333333,0.0,1.0
21,35,35,1,1,0.3361720740795135,2026-06-01 00:00:01.133333333,2026-06-01 00:00:01.133333333,0.0,1.0
56,137,137,1,1,0.6290869116783142,2026-06-01 00:00:04.533333332,2026-06-01 00:00:04.533333332,0.0,1.0
53,131,131,1,1,0.2805856764316559,2026-06-01 00:00:04.333333333,2026-06-01 00:00:04.333333333,0.0,1.0
44,106,106,1,1,0.320290595293045,2026-06-01 00:00:03.500000000,2026-06-01 00:00:03.500000000,0.0,1.0
46,111,111,1,1,0.6305558681488037,2026-06-01 00:00:03.666666667,2026-06-01 00:00:03.666666667,0.0,1.0
48,117,117,1,1,0.3336268067359924,2026-06-01 00:00:03.866666667,2026-06-01 00:00:03.866666667,0.0,1.0
49,120,120,1,1,0.2678285539150238,2026-06-01 00:00:03.966666667,2026-06-01 00:00:03.966666667,0.0,1.0
50,121,121,1,1,0.4661261737346649,2026-06-01 00:00:04.000000000,2026-06-01 00:00:04.000000000,0.0,1.0
51,125,125,1,1,0.3687925338745117,2026-06-01 00:00:04.133333333,2026-06-01 00:00:04.133333333,0.0,1.0
33,54,54,1,1,0.8702534437179565,2026-06-01 00:00:01.766666667,2026-06-01 00:00:01.766666667,0.0,1.0
30,49,49,1,1,0.4019493758678436,2026-06-01 00:00:01.600000000,2026-06-01 00:00:01.600000000,0.0,1.0
38,78,78,1,1,0.6110314130783081,2026-06-01 00:00:02.566666667,2026-06-01 00:00:02.566666667,0.0,1.0
36,60,60,1,1,0.7282631993293762,2026-06-01 00:00:01.966666667,2026-06-01 00:00:01.966666667,0.0,1.0
39,78,78,1,1,0.2935636639595032,2026-06-01 00:00:02.566666667,2026-06-01 00:00:02.566666667,0.0,1.0
41,102,102,1,1,0.8317754864692688,2026-06-01 00:00:03.366666667,2026-06-01 00:00:03.366666667,0.0,1.0
42,106,106,1,1,0.8538938760757446,2026-06-01 00:00:03.500000000,2026-06-01 00:00:03.500000000,0.0,1.0
43,106,106,1,1,0.8222808241844177,2026-06-01 00:00:03.500000000,2026-06-01 00:00:03.500000000,0.0,1.0
19,31,31,1,1,0.6914621591567993,2026-06-01 00:00:01.000000000,2026-06-01 00:00:01.000000000,0.0,1.0
79,219,219,1,1,0.6797399520874023,2026-06-01 00:00:07.266666667,2026-06-01 00:00:07.266666667,0.0,1.0
84,232,232,1,1,0.6924504637718201,2026-06-01 00:00:07.700000000,2026-06-01 00:00:07.700000000,0.0,1.0
67,172,172,1,1,0.8501062393188477,2026-06-01 00:00:05.700000000,2026-06-01 00:00:05.700000000,0.0,1.0
70,183,183,1,1,0.7073551416397095,2026-06-01 00:00:06.066666667,2026-06-01 00:00:06.066666667,0.0,1.0
60,144,144,1,1,0.3881468176841736,2026-06-01 00:00:04.766666667,2026-06-01 00:00:04.766666667,0.0,1.0
65,169,169,1,1,0.3004563450813293,2026-06-01 00:00:05.600000000,2026-06-01 00:00:05.600000000,0.0,1.0
77,212,212,1,1,0.2606644928455353,2026-06-01 00:00:07.033333333,2026-06-01 00:00:07.033333333,0.0,1.0
83,232,232,1,1,0.3052012324333191,2026-06-01 00:00:07.700000000,2026-06-01 00:00:07.700000000,0.0,1.0
101,258,258,1,1,0.3657123744487762,2026-06-01 00:00:08.566666667,2026-06-01 00:00:08.566666667,0.0,1.0
94,250,250,1,1,0.3590649366378784,2026-06-01 00:00:08.300000000,2026-06-01 00:00:08.300000000,0.0,1.0
85,234,234,1,1,0.755561888217926,2026-06-01 00:00:07.766666667,2026-06-01 00:00:07.766666667,0.0,1.0
87,238,238,1,1,0.8293272852897644,2026-06-01 00:00:07.900000000,2026-06-01 00:00:07.900000000,0.0,1.0
86,234,234,1,1,0.4401414394378662,2026-06-01 00:00:07.766666667,2026-06-01 00:00:07.766666667,0.0,1.0
88,239,239,1,1,0.4148397743701935,2026-06-01 00:00:07.933333333,2026-06-01 00:00:07.933333333,0.0,1.0
91,241,241,1,1,0.289225697517395,2026-06-01 00:00:08.000000000,2026-06-01 00:00:08.000000000,0.0,1.0
123,445,445,1,1,0.7577943801879883,2026-06-01 00:00:14.800000000,2026-06-01 00:00:14.800000000,0.0,1.0
122,443,443,1,1,0.8719028830528259,2026-06-01 00:00:14.733333333,2026-06-01 00:00:14.733333333,0.0,1.0
121,441,441,1,1,0.8834588527679443,2026-06-01 00:00:14.666666667,2026-06-01 00:00:14.666666667,0.0,1.0
116,388,388,1,1,0.6136873960494995,2026-06-01 00:00:12.900000000,2026-06-01 00:00:12.900000000,0.0,1.0
112,382,382,1,1,0.8484254479408264,2026-06-01 00:00:12.700000000,2026-06-01 00:00:12.700000000,0.0,1.0
114,387,387,1,1,0.2625316977500915,2026-06-01 00:00:12.866666667,2026-06-01 00:00:12.866666667,0.0,1.0
105,269,269,1,1,0.7524817585945129,2026-06-01 00:00:08.933333333,2026-06-01 00:00:08.933333333,0.0,1.0
104,268,268,1,1,0.4290511906147003,2026-06-01 00:00:08.900000000,2026-06-01 00:00:08.900000000,0.0,1.0
92,246,246,1,1,0.3401417732238769,2026-06-01 00:00:08.166666667,2026-06-01 00:00:08.166666667,0.0,1.0
140,640,640,1,1,0.2672871351242065,2026-06-01 00:00:21.300000000,2026-06-01 00:00:21.300000000,0.0,1.0
134,586,586,1,1,0.282560259103775,2026-06-01 00:00:19.500000000,2026-06-01 00:00:19.500000000,0.0,1.0
136,612,612,1,1,0.8417229056358337,2026-06-01 00:00:20.366666667,2026-06-01 00:00:20.366666667,0.0,1.0
131,576,576,1,1,0.8346465826034546,2026-06-01 00:00:19.166666667,2026-06-01 00:00:19.166666667,0.0,1.0
133,585,585,1,1,0.6171135902404785,2026-06-01 00:00:19.466666667,2026-06-01 00:00:19.466666667,0.0,1.0
146,675,675,1,1,0.5064655542373657,2026-06-01 00:00:22.466666667,2026-06-01 00:00:22.466666667,0.0,1.0
147,675,675,1,1,0.8965398669242859,2026-06-01 00:00:22.466666667,2026-06-01 00:00:22.466666667,0.0,1.0
155,695,695,1,1,0.3058469295501709,2026-06-01 00:00:23.133333333,2026-06-01 00:00:23.133333333,0.0,1.0
152,681,681,1,1,0.697798490524292,2026-06-01 00:00:22.666666667,2026-06-01 00:00:22.666666667,0.0,1.0
149,677,677,1,1,0.7861952781677246,2026-06-01 00:00:22.533333332,2026-06-01 00:00:22.533333332,0.0,1.0
150,678,678,1,1,0.7847175598144531,2026-06-01 00:00:22.566666667,2026-06-01 00:00:22.566666667,0.0,1.0
148,675,675,1,1,0.8528439402580261,2026-06-01 00:00:22.466666667,2026-06-01 00:00:22.466666667,0.0,1.0
144,671,671,1,1,0.8335890769958496,2026-06-01 00:00:22.333333333,2026-06-01 00:00:22.333333333,0.0,1.0
162,711,711,1,1,0.3918269872665405,2026-06-01 00:00:23.666666667,2026-06-01 00:00:23.666666667,0.0,1.0
163,713,713,1,1,0.4735308289527893,2026-06-01 00:00:23.733333333,2026-06-01 00:00:23.733333333,0.0,1.0
169,719,719,1,1,0.4908145666122436,2026-06-01 00:00:23.933333333,2026-06-01 00:00:23.933333333,0.0,1.0
158,707,707,1,1,0.7429089546203613,2026-06-01 00:00:23.533333332,2026-06-01 00:00:23.533333332,0.0,1.0
173,733,733,1,1,0.564378559589386,2026-06-01 00:00:24.400000000,2026-06-01 00:00:24.400000000,0.0,1.0
175,737,737,1,1,0.6752611994743347,2026-06-01 00:00:24.533333332,2026-06-01 00:00:24.533333332,0.0,1.0
179,747,747,1,1,0.3142805695533752,2026-06-01 00:00:24.866666667,2026-06-01 00:00:24.866666667,0.0,1.0
182,761,761,1,1,0.6566518545150757,2026-06-01 00:00:25.333333333,2026-06-01 00:00:25.333333333,0.0,1.0
184,797,797,1,1,0.3195917308330536,2026-06-01 00:00:26.533333332,2026-06-01 00:00:26.533333332,0.0,1.0
187,799,799,1,1,0.2631728947162628,2026-06-01 00:00:26.600000000,2026-06-01 00:00:26.600000000,0.0,1.0
