time_seconds,chicken_id,x,y,direction,invisible,frame
1,1,831.7219695410834,789.5226918281892,3.611086222376252,0,30
1,2,1263.082357124897,880.1614732694416,0.13962634015954636,0,30
1,3,1424.0039035515927,424.2420031774932,0.3316125578789227,0,30
1,4,1692.4621897617865,877.2028721716762,1.8151424220741048,0,30
1,5,1699.4190718945697,1016.2844011950011,1.0297442586766554,0,30
1,6,1723.8367161238884,1156.5539762385933,0.19198621771937624,0,30
1,7,888.4745220017223,956.9253101587971,4.572762640225163,0,30
1,8,870.2634496898288,1093.2829999893315,4.694935687864764,0,30
1,9,976.087495397344,1271.8074130096875,5.846852994181009,0,30
1,10,1280.7362640550439,1293.4819293410587,1.7453292519943315,0,30
1,11,845.8846153846155,1290.423076923077,0,0,30
1,12,709.4093736542133,1330.7702250861448,3.560471674068463,0,30
1,13,1293.0477949597296,1418.220581218237,4.450589592585561,0,30
1,14,1456.2593705299278,1310.5082256159094,3.001966313430284,0,30
1,15,1586.3026111396387,1209.9314016680007,2.321287905152457,0,30
11,1,826.9849125489702,794.477911014055,3.7000980142280078,0,330
11,2,1262.866609940489,860.5321564770868,0.05235987755982989,0,330
11,3,1422.7689169783414,438.96300572121265,0.3316125578789227,0,330
11,4,1688.4674498093032,877.0296479343398,1.989675347273538,0,330
11,5,1695.448285573501,1022.0727171308903,1.064650843716542,0,330
11,6,1704.832853945042,1162.1000663616635,0.15707963267948966,0,330
11,7,866.221212143236,952.5423336976654,4.590215932745106,0,330
11,8,870.4627205501266,1097.9532282765222,4.590215932745106,0,330
11,9,977.3942015005051,1272.3985893209128,5.829399701661066,0,330
11,10,1208.740332886818,1296.9266377295453,3.211405823669555,0,330
11,11,842.0923090543398,1300.1970110029104,6.195918844579871,0,330
11,12,711.0580439753629,1328.6808726679205,3.6651914291881216,0,330
11,13,1308.5844290943483,1409.3825455983067,4.572762640225163,0,330
11,14,1450.6833174355634,1306.581326151637,3.001966313430284,0,330
11,15,1592.2488415651019,1212.3873354480152,2.2340214425527414,0,330
21,1,825.2871369708521,830.1820348107594,3.577924966588406,0,630
21,2,1263.581575699388,864.4994250239581,0.10471975511965977,0,630
21,3,1427.6119153730692,425.732551341976,0.3665191429188093,0,630
21,4,1691.66146337624,871.18546272148,1.8675022996339348,0,630
21,5,1695.8340763807175,1020.1226739106462,1.0471975511965987,0,630
21,6,1716.3918728012604,1176.4686586292435,0.03490658503988659,0,630
21,7,1229.1089952155967,1080.1438576360433,1.4660765716752384,0,630
21,8,873.1110783728752,1083.7271332206178,4.625122517784992,0,630
21,9,1221.6701267774201,1209.0172449485917,1.4835298641951817,0,630
21,10,663.1009169653119,1260.0512355159942,4.04916386462687,0,630
21,11,829.7219622740715,1262.15682333252,0.05235987755982989,0,630
21,12,664.5472714546961,1417.247558945814,3.176499238629715,0,630
21,13,1299.2266166283073,1418.2149743332552,4.380776422505789,0,630
21,14,1451.5750351319346,1308.0330793780806,2.9496064358704546,0,630
21,15,1592.6122330763728,1206.1449660893425,2.0594885173533104,0,630
31,1,902.9246999275904,802.4545970689088,3.1590459461097256,0,930
31,2,1227.322033898305,879.3898305084745,0.017453292519943295,0,930
31,3,1420.8542179481385,427.5114103361774,0.20943951023931953,0,930
31,4,1692.4991390331309,878.5500917097509,1.8151424220741048,0,930
31,5,1697.5058223806068,1012.7038502646071,1.2042771838760886,0,930
31,6,1710.0964651374197,1147.80825827651,6.2482787221397,0,930
31,7,1179.7922826924253,615.8558416905904,4.9043751981040815,0,930
31,8,876.7409674854842,1089.3062866805815,4.747295565424594,0,930
31,9,1387.663731833831,1159.3197510221507,1.4835298641951817,0,930
31,10,704.520733644406,1221.0405045145549,4.345869837465902,0,930
31,11,822.300271487991,1246.1407955458003,6.1610122595399845,0,930
31,12,702.6925134014141,1400.1532457491967,2.3387411976724,0,930
31,13,1289.2981377082506,1416.5075108907956,4.328416544945959,0,930
31,14,1458.4523557629552,1311.81483814574,2.9845130209102946,0,930
31,15,1599.0347946181719,1216.3554367652036,2.0420352248333673,0,930
41,1,1303.8027410729048,1283.602459918403,2.024581932313424,0,1230
41,2,1258.3189854201646,875.5107520364858,0.05235987755982989,0,1230
41,3,1421.5471849053715,407.11615335820073,0.17453292519943295,0,1230
41,4,1684.1016949152545,873.4576271186439,1.8675022996339348,0,1230
41,5,1698.9424080523845,1010.4668371500914,1.1868238913561453,0,1230
41,6,1705.0706596666173,1141.5283709080686,6.213372137099814,0,1230
41,7,968.2294657426737,739.3424360015756,3.8222710618676095,0,1230
41,8,874.4394344875632,1091.559550492482,4.764748857944537,0,1230
41,9,1399.4916692418224,1198.1361835001446,1.2915436464758052,0,1230
41,10,697.6610169491526,1232.779661016949,3.717551306747951,0,1230
41,11,812.6262359546183,1242.0805349393283,6.1610122595399845,0,1230
41,12,1031.7614829175,1371.6964465440672,1.500983156715125,0,1230
41,13,1292.123789570957,1423.6031658248342,4.171336912266471,0,1230
41,14,1465.581356774161,1312.7347626545518,2.862339973270693,0,1230
41,15,1585.5199464796412,1214.1474017740559,2.199114857512855,0,1230
51,1,1350.2269837489523,1323.4716346401995,2.0420352248333673,0,1530
51,2,1263.846277251772,873.9241580873439,0.10471975511965977,0,1530
51,3,1432.3909956185917,415.13102361212236,0.15707963267948966,0,1530
51,4,1686.6724274171308,874.5133267400557,1.7976891295541615,0,1530
51,5,1701.3124313576247,1004.8279343346176,1.221730476396032,0,1530
51,6,1695.518267855646,1132.6281660731295,6.091199089460212,0,1530
51,7,921.3820595471088,806.8060000199828,3.2637657012294303,0,1530
51,8,879.1957594621576,1091.913388939041,4.799655442984423,0,1530
51,9,1384.1062621396986,1151.7001715534163,1.2391837689159753,0,1530
51,10,714.9561334279875,1215.7995799873747,4.642575810304935,0,1530
51,11,807.2264348474691,1248.5283033338228,6.2482787221397,0,1530
51,12,1011.4812528461762,1361.5082347765342,1.0821041362364854,0,1530
51,13,1300.654164810647,1417.6762613213793,4.50294947014539,0,1530
51,14,1460.024848643062,1303.0273859609288,3.1066860685498963,0,1530
51,15,1593.119505213032,1214.318127380655,2.0943951023931966,0,1530
61,1,1343.7757195832532,1285.8550798430338,2.129301687433083,0,1830
61,2,1261.6440677966102,853.1186440677966,0.08726646259971647,0,1830
61,3,1417.4699388237982,386.91027781164837,2.0816681711721685e-17,0,1830
61,4,1686.6724274171308,874.5133267400557,1.7976891295541615,0,1830
61,5,1701.3124313576247,1004.8279343346176,1.221730476396032,0,1830
61,6,1695.518267855646,1132.6281660731295,6.091199089460212,0,1830
61,7,941.7210425979562,806.8060000199829,3.54301838154852,0,1830
61,8,901.2298209946606,1091.9431200921001,5.183627878423171,0,1830
61,9,1384.1062621396986,1151.7001715534163,1.2391837689159753,0,1830
61,10,716.2261272329151,1217.5260759443233,4.101523742186699,0,1830
61,11,807.2264348474691,1248.5283033338228,6.2482787221397,0,1830
61,12,1011.4812528461762,1361.5082347765342,1.0821041362364854,0,1830
61,13,1295.1456902343757,1408.3542274230742,4.50294947014539,0,1830
61,14,1460.024848643062,1303.0273859609288,3.0194196059501808,0,1830
61,15,1558.6000341473962,1209.9544874186024,1.8675022996339345,0,1830
71,1,1343.7757195832532,1285.8550798430338,2.129301687433083,0,2130
71,2,1232.8876043397295,752.0602774116296,5.462880558742261,0,2130
71,3,1145.4828008290754,552.4992326749722,4.747295565424594,0,2130
71,4,1686.6724274171308,874.5133267400557,1.7976891295541615,0,2130
71,5,1701.3124313576247,1004.8279343346176,1.221730476396032,0,2130
71,6,1695.518267855646,1132.6281660731295,6.091199089460212,0,2130
71,7,891.7455271816473,871.5950751457905,3.1241393610698855,0,2130
71,8,901.2298209946606,1091.9431200921001,5.183627878423171,0,2130
71,9,1384.1062621396986,1151.7001715534163,1.2391837689159753,0,2130
71,10,716.2261272329151,1217.5260759443233,4.101523742186699,0,2130
71,11,807.2264348474691,1248.5283033338228,6.2482787221397,0,2130
71,12,1011.4812528461762,1361.5082347765342,1.0821041362364854,0,2130
71,13,1295.1456902343757,1408.3542274230742,4.50294947014539,0,2130
71,14,1460.024848643062,1303.0273859609288,3.0194196059501808,0,2130
71,15,1573.5213416534493,1213.995044319329,1.8675022996339345,0,2130
81,1,1343.7757195832532,1285.8550798430338,2.164208272472969,0,2430
81,2,803.8534342259836,675.9559761726991,5.026548245743683,0,2430
81,3,1126.672723735022,957.8486338778812,3.926990816987268,0,2430
81,4,1681.5593220338983,872.6101694915253,1.7976891295541615,0,2430
81,5,1701.4341948753752,1009.7530415423247,1.221730476396032,0,2430
81,6,1703.5716391373512,1149.917069667975,6.02138591938044,0,2430
81,7,914.8882783589173,887.3598515275694,3.3161255787892596,0,2430
81,8,901.2298209946606,1091.9431200921001,5.183627878423171,0,2430
81,9,1075.1154058665043,558.3875368981853,0.45378560551852587,0,2430
81,10,713.9237875154865,1220.996304575492,4.101523742186699,0,2430
81,11,805.5315195932319,1239.2062694355177,6.2482787221397,0,2430
81,12,1154.939627653211,1379.1457748535906,2.0769418098732535,0,2430
81,13,1291.3321309123419,1422.761007084091,4.50294947014539,0,2430
81,14,1460.024848643062,1303.0273859609288,3.0194196059501808,0,2430
81,15,1587.5095820472873,1236.1903284594755,3.089232776029953,0,2430
91,1,1324.660983445763,1265.6005309040395,2.373647782712286,0,2730
91,2,803.8534342259836,675.9559761726991,5.026548245743683,0,2730
91,3,859.501362430544,996.3432452854696,4.817108735504366,0,2730
91,4,1681.5593220338983,872.6101694915253,1.7976891295541615,0,2730
91,5,1701.4341948753752,1009.7530415423247,1.221730476396032,0,2730
91,6,1725.605537442436,1147.3746967866193,6.02138591938044,0,2730
91,7,1067.911862690271,931.4879469481947,2.2689280275926738,0,2730
91,8,925.936294730672,1125.6938907950487,4.817108735504366,0,2730
91,9,1048.7005092415598,551.8616788943374,0.1396263401595463,0,2730
91,10,705.9143390441889,1225.3277505942506,3.7000980142280078,0,2730
91,11,810.6162653559436,1241.7486423168734,6.2482787221397,0,2730
91,12,1156.1584618313618,1316.5120208328908,2.0594885173533104,0,2730
91,13,1285.8083442293942,1422.3010630901767,4.485496177625447,0,2730
91,14,1456.6832486876606,1302.1702601861443,3.0194196059501808,0,2730
91,15,1614.350987785096,1239.4096307122854,4.921828490623978,0,2730
101,1,1338.0154360097508,1234.214602767251,2.2863813201125707,0,3030
101,2,776.7248411416538,690.8785260391301,4.817108735504366,0,3030
101,3,878.3796263360193,1004.183009177164,4.747295565424594,0,3030
101,4,1681.5593220338983,872.6101694915253,1.7976891295541615,0,3030
101,5,1701.4341948753752,1009.7530415423247,1.221730476396032,0,3030
101,6,1699.3343510017578,1132.1204594984836,6.02138591938044,0,3030
101,7,1228.5445924415817,1317.1664496785438,3.1590459461097717,0,3030
101,8,1102.8575459305398,941.5365844257699,0.19198621771937624,0,3030
101,9,1048.7005092415598,551.8616788943374,0.1396263401595463,0,3030
101,10,725.9506619610111,1306.3934407514212,2.827433388230853,0,3030
101,11,811.4637229830623,1233.274066045687,6.2482787221397,0,3030
101,12,1112.0275675196385,1296.4807377888715,2.6354471705114326,0,3030
101,13,1314.96449924039,1423.0045496565524,4.415683007545675,0,3030
101,14,1464.7684179743264,1305.9123911546346,2.9496064358704084,0,3030
101,15,1571.9927038437463,1225.2130700227406,5.77703982410119,0,3030
111,1,1341.4052665182255,1248.6213824282681,2.2863813201125707,0,3330
111,2,1184.3499623765974,1041.7331486582093,3.228859116189544,0,3330
111,3,885.9797998042309,1014.9419799213903,4.677482395344821,0,3330
111,4,1672.1748007768724,872.6422489752345,1.8151424220741048,0,3330
111,5,1694.25562372686,1010.878109273605,1.3788101090755218,0,3330
111,6,1723.5403187903846,1150.3295780632411,5.724679946541407,0,3330
111,7,1229.0169491525426,1327.6949152542375,3.1590459461097717,0,3330
111,8,1557.2393986123016,1091.057122580614,2.356194490192343,0,3330
111,9,904.6521555043757,542.760493969039,0.296705972839036,0,3330
111,10,725.9506619610111,1306.3934407514212,2.827433388230853,0,3330
111,11,811.4637229830623,1233.274066045687,6.2482787221397,0,3330
111,12,1112.0275675196385,1296.4807377888715,2.6354471705114326,0,3330
111,13,1314.96449924039,1423.0045496565524,4.415683007545675,0,3330
111,14,1459.437978459233,1289.0195562638385,2.897246558310579,0,3330
111,15,1458.2085729770527,1159.972265174169,4.852015320544206,0,3330
121,1,1408.7957154586556,1260.7971585805528,1.7104226669544447,0,3630
121,2,1125.451657291856,1364.9830508474547,3.054326190990113,0,3630
121,3,888.7386505661372,1002.2754486753001,4.817108735504366,0,3630
121,4,1684.1485947845283,875.1791423036925,1.8151424220741048,0,3630
121,5,1693.015014558903,1009.5957193624654,1.4137166941154085,0,3630
121,6,1702.6410100784183,1155.0842538037675,6.126105674500098,0,3630
121,7,1229.0169491525426,1327.6949152542375,3.1590459461097717,0,3630
121,8,1667.5762711864409,1279.3898305084745,2.356194490192343,0,3630
121,9,904.6521555043757,542.760493969039,0.296705972839036,0,3630
121,10,725.9506619610111,1306.3934407514212,2.827433388230853,0,3630
121,11,1364.630045350889,449.21330960566496,0.4188790204786393,0,3630
121,12,993.3834997230285,1415.1248055854812,3.0194196059501808,0,3630
121,13,1435.904572311549,1448.0456537089017,5.497787143782147,0,3630
121,14,1581.8524356896546,1377.6286198503553,1.8675022996339345,0,3630
121,15,1485.0134931974421,1144.692215058955,5.148721293383239,0,3630
131,1,1487.367144030084,1253.6543014376957,1.7104226669544447,0,3930
131,2,1148.3040913821671,1333.9070105985518,4.04916386462687,0,3930
131,3,881.159639141332,989.7488471926999,4.921828490624025,0,3930
131,4,1689.2252485459778,871.701047503792,1.8675022996339348,0,3930
131,5,1683.8200728803888,1018.3655055535743,1.3089969389957485,0,3930
131,6,1728.7859295975106,1151.0675110573343,5.864306286700952,0,3930
131,7,1275.4455205811141,1406.266343825666,2.8972465583106253,0,3930
131,8,1667.5762711864409,1279.3898305084745,2.356194490192343,0,3930
131,9,900.3417695875294,530.699550540275,0.680678408277789,0,3930
131,10,727.7363762467253,1308.1791550371356,2.827433388230853,0,3930
131,11,1395.2404871552626,434.7450242749299,0.4537856055185259,0,3930
131,12,988.1116504295162,1407.3954136927869,2.862339973270693,0,3930
131,13,1487.8916794858376,1436.288475646856,5.305800926062773,0,3930
131,14,1601.9540269167824,1372.9338217575585,1.5184364492350682,0,3930
131,15,1424.7635283415214,1122.8079634731612,4.852015320544206,0,3930
141,1,1491.3711291915365,1247.86416432076,1.5184364492350682,0,4230
141,2,1157.2326628107387,1341.049867741409,3.892084231947382,0,4230
141,3,893.659639141332,1005.8202757641284,4.921828490624025,0,4230
141,4,1693.6672494524955,874.7009870661001,1.6755160819145583,0,4230
141,5,1695.7744151282338,1013.0120589518183,1.3264502315156919,0,4230
141,6,1598.921341385505,1144.6746206685725,4.852015320544252,0,4230
141,7,1270.7739987110704,1392.235172612347,2.7576202181510805,0,4230
141,8,1679.8190072639222,1279.7530266343826,2.356194490192343,0,4230
141,9,902.3481609918036,538.4190961606536,0.680678408277789,0,4230
141,10,737.7694498458977,1309.7969740793149,2.7925268031909667,0,4230
141,11,1411.9513269016925,391.71753326784375,0.4537856055185259,0,4230
141,12,978.8757396581526,1395.0893085547307,3.1939525311496118,0,4230
141,13,1495.0363126696357,1424.7009560436602,4.974188368183854,0,4230
141,14,1615.8833726570099,1373.0751892640837,2.0420352248333673,0,4230
141,15,1424.7635283415216,1113.8793920445896,4.782202150464434,0,4230
151,1,1491.3711291915365,1247.86416432076,1.5184364492350682,0,4530
151,2,1115.8510726779073,1351.7859421177066,4.485496177625447,0,4530
151,3,893.659639141332,1005.8202757641284,4.921828490624025,0,4530
151,4,1676.70296373821,867.5581299232429,1.6755160819145583,0,4530
151,5,1695.7744151282338,1013.0120589518183,1.3264502315156919,0,4530
151,6,1598.921341385505,1144.6746206685725,4.852015320544252,0,4530
151,7,1288.9843371213863,1394.3769643516948,3.1241393610698855,0,4530
151,8,1683.3904358353507,1281.5387409200969,2.495820830351888,0,4530
151,9,1053.2752016564832,568.852187532624,1.9198621771937647,0,4530
151,10,732.4182661019023,1310.1806825227638,2.7227136331111943,0,4530
151,11,1403.022755473121,406.0032475535581,0.4537856055185259,0,4530
151,12,980.2577733713099,1431.0066391697537,2.897246558310579,0,4530
151,13,1499.0720033116113,1434.7242484852586,5.044001538263626,0,4530
151,14,1602.4905155141528,1364.1466178355122,2.0420352248333673,0,4530
151,15,1424.7635283415216,1113.8793920445896,4.782202150464434,0,4530
161,1,1491.3711291915365,1247.86416432076,1.5184364492350682,0,4830
161,2,1107.8287132395212,1367.2785176534235,4.485496177625447,0,4830
161,3,889.1738243750531,1009.8806655851006,4.415683007545675,0,4830
161,4,1676.70296373821,867.5581299232429,1.6755160819145583,0,4830
161,5,1700.5256867404787,1028.2650406303342,1.3788101090755218,0,4830
161,6,1572.7049684631756,1130.1938604999243,4.852015320544252,0,4830
161,7,1237.256060625828,1398.4183521385257,3.577924966588406,0,4830
161,8,1677.3583221364129,1292.6144389675503,2.495820830351888,0,4830
161,9,966.1237263686469,1138.327694685175,4.712388980384661,0,4830
161,10,732.4182661019023,1310.1806825227638,2.7227136331111943,0,4830
161,11,1403.022755473121,406.0032475535581,0.4537856055185259,0,4830
161,12,991.9890951100863,1408.2479666641293,2.6179938779914895,0,4830
161,13,1427.305390916856,1394.9580688655037,5.462880558742261,0,4830
161,14,1593.5619440855812,1374.860903549798,2.0420352248333673,0,4830
161,15,1418.509210988057,1117.3418761834505,4.834562028024263,0,4830
171,1,1490.367936913584,1258.6895474724033,1.4660765716752382,0,5130
171,2,1058.450673323078,1323.2194762283084,5.113814708343399,0,5130
171,3,894.7857142857141,1011.7142857142857,4.415683007545675,0,5130
171,4,1673.023734044756,870.7625818462865,1.8325957145940481,0,5130
171,5,1720.7188653158282,1107.737004797331,2.879793265790636,0,5130
171,6,1589.6692541774614,1144.4795747856385,4.852015320544252,0,5130
171,7,1261.2625217911682,1362.091230535037,2.9845130209103408,0,5130
171,8,1677.3583221364129,1285.4715818246932,2.4260076602721155,0,5130
171,9,979.4850455591804,1133.3066848949757,4.31096325242597,0,5130
171,10,732.4182661019023,1310.1806825227638,2.7227136331111943,0,5130
171,11,1426.5808421422444,419.19279779220267,0.733038285837619,0,5130
171,12,988.4176665386578,1404.6765380927006,2.6179938779914895,0,5130
171,13,1401.8898078332666,1401.710627402283,5.497787143782147,0,5130
171,14,1593.4125300242358,1378.0761097317973,1.9373154697137078,0,5130
171,15,1394.4020681309141,1122.6990190405932,4.834562028024263,0,5130
181,1,1506.4393654850128,1255.1181189009749,1.8675022996339345,0,5430
181,2,1380.0190367851771,1338.7456662827856,3.0892327760299993,0,5430
181,3,894.7857142857141,1011.7142857142857,4.415683007545675,0,5430
181,4,1665.4145484417743,875.6822228026656,1.8325957145940481,0,5430
181,5,1724.557759456073,1104.4291946054652,3.036872898470124,0,5430
181,6,1573.3349005838897,1138.7855287536106,4.799655442984423,0,5430
181,7,1259.0517950299682,1379.2035986360102,3.1241393610698855,0,5430
181,8,1674.916968814581,1281.7642126979044,2.129301687433083,0,5430
181,9,988.17802362118,1128.7741324158346,4.31096325242597,0,5430
181,10,732.4182661019023,1310.1806825227638,2.7227136331111943,0,5430
181,11,1426.5808421422444,419.19279779220267,0.733038285837619,0,5430
181,12,973.3136201188306,1403.8555394854795,2.9321531433504653,0,5430
181,13,1475.8467163219343,1439.1958631718167,4.7298422729046505,0,5430
181,14,1601.44824430995,1373.6118240175115,1.9373154697137078,0,5430
181,15,1379.9121368727197,1088.7001699308748,5.218534463463011,0,5430
191,1,1504.569519585021,1233.2572550969214,1.675516081914558,0,5730
191,2,1372.4642857142856,1337.6071428571427,3.0892327760299993,0,5730
191,3,895.6785714285713,1023.3214285714286,4.415683007545675,0,5730
191,4,1665.4145484417743,875.6822228026656,1.8325957145940481,0,5730
191,5,1724.557759456073,1104.4291946054652,3.036872898470124,0,5730
191,6,1584.295438967415,1132.8561105958543,5.026548245743683,0,5730
191,7,1015.134696329052,1265.6472375144047,4.974188368183854,0,5730
191,8,1674.916968814581,1281.7642126979044,2.129301687433083,0,5730
191,9,970.320880764037,1143.9527038444062,4.31096325242597,0,5730
191,10,729.9391878922506,1304.1805903238255,2.7227136331111943,0,5730
191,11,1399.5673419101759,424.7603331825521,0.22689280275926277,0,5730
191,12,962.5993344045451,1423.498396628337,3.228859116189498,0,5730
191,13,1490.0104449967962,1443.8083959823925,4.817108735504366,0,5730
191,14,1593.9964693479442,1376.923113119864,2.0420352248333673,0,5730
191,15,1374.5549940155768,1089.5930270737322,5.218534463463011,0,5730
201,1,1432.1343215025013,1226.1419715192153,1.4486232791552949,0,6030
201,2,1373.357142857143,1364.392857142857,3.0892327760299993,0,6030
201,3,889.5625709163228,1030.5378331593763,4.468042885105504,0,6030
201,4,1714.575139179576,685.7978023673205,0.9075712110370522,0,6030
201,5,1733.4829761238063,1105.2133434537789,3.07177948351001,0,6030
201,6,1290.457058289944,884.7355647561981,5.096361415823456,0,6030
201,7,840.7158369641604,1231.869309230168,5.0789081233035125,0,6030
201,8,1736.9069346326332,1335.5771258849982,2.6005405854715464,0,6030
201,9,1018.4314237402425,1141.6986380845292,3.9095375244672788,0,6030
201,10,717.9735743966112,1304.9245944700335,2.9496064358704546,0,6030
201,11,1397.7788559739797,433.34524530541034,0.22689280275926277,0,6030
201,12,833.7579915437425,1368.8014968414484,5.410520681182385,0,6030
201,13,1475.7435694172293,693.6354162514543,6.126105674500098,0,6030
201,14,1602.3681355794229,1380.3848675559448,3.5255650890285306,0,6030
201,15,1324.4694262122534,1143.5252163103112,5.009094953223694,0,6030
211,1,1450.5682249579913,1211.9800582911791,1.4137166941154082,0,6330
211,2,1388.600320433267,1351.599417646818,3.1415926535898286,0,6330
211,3,947.0918546915715,1005.9943918940482,4.450589592585561,0,6330
211,4,1736.6374623511483,668.0594683691892,0.785398163397449,0,6330
211,5,1726.0357142857151,1129.3204863109227,3.211405823669555,0,6330
211,6,1196.5714285714284,882.25,4.9043751981040815,0,6330
211,7,830.8443834036536,1240.3825532720782,5.201081170943114,0,6330
211,8,1723.9767852260943,1332.868704570758,2.2863813201125707,0,6330
211,9,1018.8326683585861,1112.6933113551927,3.9095375244672788,0,6330
211,10,707.5913929567419,1307.3002111756423,3.1241393610698855,0,6330
211,11,1398.1355571393967,383.90128747553973,0.33161255787892263,0,6330
211,12,841.5910227109102,1353.8387476894413,5.410520681182385,0,6330
211,13,1511.559361916888,457.5972802342309,0.13962634015954636,0,6330
211,14,1589.0591627048964,1368.0788809754695,3.595378259108303,0,6330
211,15,1320.0051404979677,1124.7752163103112,5.009094953223694,0,6330
221,1,1450.568224957991,1211.9800582911791,1.396263401595465,0,6630
221,2,1388.6042610211728,1366.3097647978825,2.9670597283903977,0,6630
221,3,931.020426120143,1007.7801061797625,4.450589592585561,0,6630
221,4,1731.2572532964355,683.8130384014938,0.9250245035569955,0,6630
221,5,1726.0357142857151,1129.3204863109227,3.211405823669555,0,6630
221,6,949.8508900545253,848.5117064987367,4.450589592585561,0,6630
221,7,844.8129200813116,1239.7430461604044,4.9043751981040815,0,6630
221,8,1723.9767852260943,1332.868704570758,2.2863813201125707,0,6630
221,9,1021.7400955196038,1111.498867194292,4.136430327226539,0,6630
221,10,726.0355272498532,1317.3202835159318,2.7227136331111943,0,6630
221,11,741.6897620125569,685.3502290819781,4.764748857944537,0,6630
221,12,881.836332904744,1361.7840889117006,5.532693728821987,0,6630
221,13,1503.9491878367699,465.99805607813,0.15707963267948966,0,6630
221,14,1589.0591627048964,1368.0788809754695,3.595378259108303,0,6630
221,15,1315.5408547836819,1125.6680734531683,5.009094953223694,0,6630
231,1,1536.362967240794,1206.9159153546038,1.5358897417550115,0,6930
231,2,1387.2938261199054,1349.6235548905543,3.019419605950227,0,6930
231,3,944.5226203141731,1013.2664315912291,4.607669225265049,0,6930
231,4,1721.080559579894,684.6308950591135,0.9250245035569955,0,6930
231,5,1720.6785714285725,1138.2490577394942,3.211405823669555,0,6930
231,6,963.8323847134076,853.993289506006,4.468042885105504,0,6930
231,7,823.1048362689245,1263.4221962538081,3.752457891787837,0,6930
231,8,1739.0184083990657,1333.8493880576332,2.6529004630313757,0,6930
231,9,975.7501331569243,1133.6943663470656,4.694935687864718,0,6930
231,10,700.3144276774804,1327.580322404865,3.0717794835100563,0,6930
231,11,737.3637939389503,663.642415105021,4.712388980384707,0,6930
231,12,805.9455508311755,1424.8682780358702,5.532693728821987,0,6930
231,13,1511.682617021995,463.07514172445053,0.24434609527920612,0,6930
231,14,1594.9975795487026,1365.6633833989779,3.57792496658836,0,6930
231,15,1308.874768349299,1124.7278233311195,5.009094953223694,0,6930
241,1,1499.748980723627,1199.919075034501,1.3613568165555783,0,7230
241,2,1385.508111834191,1356.7664120334114,3.054326190990113,0,7230
241,3,978.8113393069987,997.8492342031092,4.642575810304935,0,7230
241,4,1717.3499410696381,665.52150744812,0.017453292519943295,0,7230
241,5,1719.214613468338,1135.5324611662536,3.1241393610698394,0,7230
241,6,986.484794384925,882.5828440397909,4.799655442984423,0,7230
241,7,1020.0662880649877,1371.1683080223324,1.9198621771938107,0,7230
241,8,1716.6969798276375,1328.49224520049,2.6529004630313757,0,7230
241,9,993.0749461113126,1111.7369118800084,4.468042885105458,0,7230
241,10,700.3144276774804,1327.580322404865,3.0717794835100563,0,7230
241,11,737.3637939389503,663.642415105021,4.712388980384707,0,7230
241,12,902.4365910263335,1246.1799327396775,1.186823891356099,0,7230
241,13,1468.4971873662437,406.27478937443504,6.126105674500098,0,7230
241,14,1594.9975795487026,1365.6633833989779,3.57792496658836,0,7230
241,15,1316.5024764600578,1132.7625639522953,4.834562028024263,0,7230
251,1,1515.8204092950555,1201.7047893202152,1.3613568165555783,0,7530
251,2,1389.4335131646453,1342.1263848201565,3.03687289847017,0,7530
251,3,948.8788794775454,982.2517475599361,4.78220215046448,0,7530
251,4,1381.1689894005751,646.0428859520563,4.799655442984423,0,7530
251,5,1717.2818334469289,1120.9675180749355,3.3510321638290996,0,7530
251,6,975.6571130038717,854.5916515729828,4.677482395344821,0,7530
251,7,1059.226168719798,1261.2256013602932,0.19198621771942215,0,7530
251,8,1699.6296127006494,1286.2081496329038,2.6529004630313757,0,7530
251,9,989.772237078206,1116.0539886111465,4.642575810304889,0,7530
251,10,701.3277513274302,1346.365871474868,3.019419605950227,0,7530
251,11,737.3637939389503,663.642415105021,4.712388980384707,0,7530
251,12,825.5229690249373,1268.8713579413557,0.45378560551847946,0,7530
251,13,1055.7713960478916,590.3549291260988,4.886921905584138,0,7530
251,14,1587.505754423418,1368.5223637684157,3.560471674068417,0,7530
251,15,1316.5024764600578,1132.7625639522953,4.834562028024263,0,7530
261,1,1460.3839009574876,458.3747850117574,0.4886921905584123,0,7830
261,2,1383.707253977059,1362.9864091166842,3.211405823669601,0,7830
261,3,943.5217366204025,987.608890417079,4.78220215046448,0,7830
261,4,1169.8340621909188,561.9012626956844,5.689773361501521,0,7830
261,5,1608.5176044210243,1245.1757860075622,3.7175513067479047,0,7830
261,6,973.6590616021685,855.7655855505155,4.660029102824878,0,7830
261,7,1092.5447300075066,1268.5072801315987,6.248278722139745,0,7830
261,8,1686.9519068980628,1363.271848008108,2.897246558310579,0,7830
261,9,992.1193899731966,1128.7301929588648,4.468042885105458,0,7830
261,10,711.8418274551543,1353.5400776175507,3.001966313430284,0,7830
261,11,743.376368172502,694.3675484549067,3.420845333908918,0,7830
261,12,848.3571428571429,1244.7499999999998,0.45378560551847946,0,7830
261,13,1037.204891031283,576.4381315508763,5.934119456780724,0,7830
261,14,1573.4694055295627,1385.2928330281577,3.57792496658836,0,7830
261,15,1329.0024764600578,1139.9054210951524,4.834562028024263,0,7830
271,1,1441.955929118589,477.1570423848988,0.17453292519943267,0,8130
271,2,1374.7771026603039,1353.5460126377357,3.211405823669601,0,8130
271,3,943.5217366204025,991.1803189885075,4.764748857944537,0,8130
271,4,1174.2983479052045,555.6512626956843,5.689773361501521,0,8130
271,5,1586.8597757828907,1236.0335686537715,3.944444109507165,0,8130
271,6,966.5162044593114,837.9084426933725,4.660029102824878,0,8130
271,7,1092.5447300075066,1268.5072801315987,6.248278722139745,0,8130
271,8,1696.6705030243322,1380.999278169692,3.4732052114687013,0,8130
271,9,952.568535428393,1144.1847980271423,4.153883619746482,0,8130
271,10,711.8418274551543,1353.5400776175507,3.001966313430284,0,8130
271,11,749.515682918739,719.6170107286086,3.001966313430284,0,8130
271,12,804.4194990152998,1262.3285137514833,0.017453292519896853,0,8130
271,13,1013.9041734986967,565.940355817256,5.986479334340554,0,8130
271,14,1518.0371982727636,1382.0614561064026,3.979350694547051,0,8130
271,15,1328.8441335666012,1134.9264044098795,4.834562028024263,0,8130
281,1,1441.955929118589,477.1570423848988,0.17453292519943267,0,8430
281,2,1380.7890294919534,1339.986331848704,3.211405823669601,0,8430
281,3,941.7360223346883,991.1803189885075,4.764748857944537,0,8430
281,4,1175.1912050480619,565.472691267113,5.689773361501521,0,8430
281,5,1571.2677740614301,1252.681494099746,4.118977034706596,0,8430
281,6,851.6851701738808,632.155658156095,6.2482787221397,0,8430
281,7,1097.4611984519515,1245.047387880322,6.248278722139745,0,8430
281,8,1694.8847887386178,1379.2135638839777,3.4732052114687013,0,8430
281,9,950.7828211426787,1145.9705123128565,4.153883619746482,0,8430
281,10,711.8418274551543,1353.5400776175507,3.001966313430284,0,8430
281,11,732.8662677122043,710.6142822662507,3.0892327760299993,0,8430
281,12,811.6080046732469,1258.5057331032906,0.10471975511961332,0,8430
281,13,1006.8522900942014,573.9304777628493,5.777039824101236,0,8430
281,14,1512.6800554156207,1379.3828846778313,3.979350694547051,0,8430
281,15,1326.0357142857142,1126.0,4.834562028024263,0,8430
291,1,1445.5273576900177,470.9070423848988,0.17453292519943267,0,8730
291,2,1385.2533152062392,1364.0934747058468,3.211405823669601,0,8730
291,3,944.1162550890556,985.1964973713292,4.764748857944537,0,8730
291,4,1177.8697764766332,569.9369769813987,5.689773361501521,0,8730
291,5,1551.624916918573,1246.431494099746,4.118977034706596,0,8730
291,6,831.8530664497878,636.5243462980818,6.1435589670200415,0,8730
291,7,1089.186387619455,1277.2441036960354,6.0911990894602575,0,8730
291,8,1694.8847887386178,1379.2135638839777,3.4732052114687013,0,8730
291,9,955.5437004323937,1152.9892626627848,4.415683007545629,0,8730
291,10,711.8374507359007,1354.5473704501005,3.019419605950227,0,8730
291,11,709.9642857142857,692.0714285714287,3.0892327760299993,0,8730
291,12,811.6080046732469,1257.6128759604335,0.10471975511961332,0,8730
291,13,1006.392857142857,556.3571428571429,5.777039824101236,0,8730
291,14,1524.0894717054057,1387.9101606447562,4.136430327226539,0,8730
291,15,1314.168737548044,1125.322995416537,4.81710873550432,0,8730
301,1,1478.5630719757319,504.8356138134703,0.17453292519943267,0,9030
301,2,1380.7890294919537,1361.4149032772752,3.211405823669601,0,9030
301,3,941.8677039042718,989.2907259589537,4.5378560551852765,0,9030
301,4,1179.7635382897697,566.0311670638562,5.707226654021464,0,9030
301,5,1549.471960374597,1225.3310363520318,3.752457891787791,0,9030
301,6,829.640751828361,635.0210832437938,6.195918844579871,0,9030
301,7,1093.7145255919581,1265.0708177199883,6.213372137099859,0,9030
301,8,1687.741931595761,1375.642135312549,3.4732052114687013,0,9030
301,9,944.6597107404232,1151.5315832175074,4.607669225265003,0,9030
301,10,706.4969573261753,1353.0997937413413,3.054326190990113,0,9030
301,11,766.9063620607033,743.3669510145162,2.6005405854715926,0,9030
301,12,806.250861816104,1255.827161674719,0.10471975511961332,0,9030
301,13,1009.67618913916,552.0035607924423,5.899212871740838,0,9030
301,14,1514.2680431339772,1390.5887320733277,4.136430327226539,0,9030
301,15,1288.4128199015831,1111.758238969087,5.567600313861873,0,9030
311,1,1330.6285703556327,403.267908948386,4.625122517784992,0,9330
311,2,1385.2533152062394,1359.6291889915613,3.211405823669601,0,9330
311,3,953.4245185214996,1000.8526849946551,4.799655442984423,0,9330
311,4,1072.5728842820872,781.2781631033216,3.926990816987268,0,9330
311,5,1541.4362460888829,1248.5453220663178,3.769911184307734,0,9330
311,6,1133.852334332771,988.5772035819792,2.199114857512855,0,9330
311,7,1093.7145255919581,1265.0708177199883,6.213372137099859,0,9330
311,8,1685.3136052120124,1374.3439542810095,3.4732052114687013,0,9330
311,9,890.1633247909501,1186.1812114823877,4.904375198104035,0,9330
311,10,706.177697427916,1355.5130638964677,2.9321531433505115,0,9330
311,11,712.269870828253,709.7228246768168,2.652900463031422,0,9330
311,12,795.7287828713306,1269.521133834683,0.12217304763955661,0,9330
311,13,1006.0792712931703,541.2109779485445,6.003932626860497,0,9330
311,14,1517.8394717054057,1399.5173035018993,4.136430327226539,0,9330
311,15,1285.5678809251772,1100.1080215477816,5.567600313861873,0,9330
321,1,1333.3071417842025,402.7857142857167,4.799655442984423,0,9630
321,2,1324.193320094532,1416.4527360636232,3.9793506945470973,0,9630
321,3,953.4245185214996,1000.8526849946551,4.799655442984423,0,9630
321,4,1043.8857526532058,783.7097756539583,4.031710572106927,0,9630
321,5,1561.9331252701047,1253.8290988697504,4.241150082346198,0,9630
321,6,1174.1740834272598,971.0053842130185,1.6057029118347848,0,9630
321,7,1101.7069452240155,1286.7779511327135,6.265732014659688,0,9630
321,8,1685.1973937121231,1380.524490488447,3.4732052114687013,0,9630
321,9,910.9259437000941,1181.8684956161378,5.253441048502897,0,9630
321,10,707.0705545707731,1353.7273496107532,2.9321531433505115,0,9630
321,11,702.571871651351,686.1423807919053,3.2463124087094872,0,9630
321,12,795.7287828713306,1269.521133834683,0.12217304763955661,0,9630
321,13,1016.4370331557818,566.0032858348407,6.003932626860497,0,9630
321,14,1504.4466145625486,1400.4101606447564,4.136430327226539,0,9630
321,15,1289.1393094966058,1100.1080215477816,5.567600313861873,0,9630
331,1,1319.9142846413451,400.10714285714533,4.799655442984423,0,9930
331,2,1403.9055071876164,1396.533185243822,3.054326190990113,0,9930
331,3,865.0649162704522,1046.94594879972,4.886921905584138,0,9930
331,4,1101.7556221716645,1131.5666467798017,1.9198621771938107,0,9930
331,5,1584.9642857142856,1259.0357142857142,4.241150082346198,0,9930
331,6,1240.0358074711535,1315.4358498851648,2.914699850830522,0,9930
331,7,1058.172204545255,1317.2996443453349,4.956735075663956,0,9930
331,8,1685.1973937121231,1380.524490488447,3.4732052114687013,0,9930
331,9,878.4751741499554,1264.324395216656,2.862339973270693,0,9930
331,10,731.0778179157403,1381.11922329175,2.7750735106710236,0,9930
331,11,1433.6074007459192,494.8840723863884,3.6477381366681785,0,9930
331,12,752.41424517872,1251.1564923903939,6.28318530717954,0,9930
331,13,1010.440379223787,560.5814606874419,6.091199089460212,0,9930
331,14,1518.7323288482635,1386.1244463590422,2.548180707911717,0,9930
331,15,1317.5374913072023,1090.9320771457526,5.602506898901759,0,9930
341,1,1325.2714274984883,395.64285714285955,4.799655442984423,0,10230
341,2,1403.9055071876164,1396.533185243822,3.054326190990113,0,10230
341,3,864.7247273516208,1037.9607296064312,4.7298422729046505,0,10230
341,4,1151.1799856037283,1235.854238134536,3.176499238629715,0,10230
341,5,1556.0736056650935,1260.2724923136022,4.206243497306311,0,10230
341,6,1259.7146626321323,1314.7856421374631,2.879793265790636,0,10230
341,7,1058.172204545255,1317.2996443453349,4.956735075663956,0,10230
341,8,1680.7331079978374,1386.774490488447,3.4732052114687013,0,10230
341,9,912.6616578440364,1349.156439692812,3.1590459461097256,0,10230
341,10,727.8950557132184,1384.989998422288,2.7401669256311374,0,10230
341,11,1432.9500519413523,476.04256449084005,3.6302848441482354,0,10230
341,12,750.628530893013,1251.8928571428605,6.28318530717954,0,10230
341,13,1020.9704555064795,579.2943199218188,6.126105674500098,0,10230
341,14,1522.508743477376,1390.9606155306749,5.672320068981578,0,10230
341,15,1307.5869738311917,1082.3476186437042,5.585053606381816,0,10230
351,1,1323.7311514264406,403.54251577416267,4.799655442984423,0,10530
351,2,1402.3247721972625,1366.8145734906063,2.4260076602721616,0,10530
351,3,849.9185647244573,1047.5650475291145,4.852015320544252,0,10530
351,4,1166.7826351907283,1217.1250641767938,3.1066860685499424,0,10530
351,5,1561.0489689496258,1258.5849305707577,3.9968039870669942,0,10530
351,6,1246.8948955223605,1320.6979428087218,2.914699850830522,0,10530
351,7,1025.9967427599365,1309.1322352096022,5.497787143782192,0,10530
351,8,1678.947393712123,1386.774490488447,3.4732052114687013,0,10530
351,9,915.1247703216466,1368.7387005140827,3.054326190990067,0,10530
351,10,729.2921036300261,1381.11922329175,2.7401669256311374,0,10530
351,11,1446.9164191973946,450.872590980464,3.577924966588406,0,10530
351,12,763.5357142857141,1223.3214285714284,6.28318530717954,0,10530
351,13,971.3357049495128,557.5239627589159,4.817108735504366,0,10530
351,14,1524.683424758188,1389.9368183900715,2.548180707911717,0,10530
351,15,901.9565749893903,904.104438654824,4.712388980384661,0,10530
361,1,1184.5776641846514,621.240142675145,3.9618974020271542,0,10830
361,2,1410.8571428571427,1361.7142857142853,2.4260076602721616,0,10830
361,3,858.7878170974042,1048.3431386098055,4.869468613064195,0,10830
361,4,1164.805290652535,1227.055660999525,3.1241393610698855,0,10830
361,5,1560.1561118067686,1256.7992162850435,3.9968039870669942,0,10830
361,6,1259.2506617104439,1340.0566445230315,2.8099800957108636,0,10830
361,7,1025.1038856170794,1301.096520923888,5.497787143782192,0,10830
361,8,1678.947393712123,1386.774490488447,3.4732052114687013,0,10830
361,9,915.1247703216467,1362.488700514083,3.054326190990067,0,10830
361,10,728.7879128560754,1377.8471412794306,2.7401669256311374,0,10830
361,11,1475.165649919336,451.0914923269609,3.8222710618676095,0,10830
361,12,763.5357142857141,1223.3214285714284,6.28318530717954,0,10830
361,13,806.5026486269409,704.9376012334635,3.8746309394274387,0,10830
361,14,1527.3619961867596,1396.1868183900717,2.548180707911717,0,10830
361,15,876.5091472371798,924.0989555838436,4.677482395344775,0,10830
371,1,1114.929295631572,908.5195656652262,3.525565089028577,0,11130
371,2,1388.7648614306543,1358.0619593075523,2.80998009571091,0,11130
371,3,876.0357142857143,1077.7857142857142,4.869468613064195,0,11130
371,4,1166.8526116470994,1223.714544083949,3.03687289847017,0,11130
371,5,1559.2632546639115,1255.9063591421866,3.9968039870669942,0,11130
371,6,1257.228491296671,1338.3230484785627,2.84488668075075,0,11130
371,7,957.442452808351,1254.997352746553,5.759586531581339,0,11130
371,8,1678.947393712123,1386.774490488447,3.4732052114687013,0,11130
371,9,916.9104846073609,1371.4172719426542,3.054326190990067,0,11130
371,10,730.2687660379937,1383.1613104700623,2.7401669256311374,0,11130
371,11,1715.9645583668664,874.4738727496162,3.228859116189498,0,11130
371,12,762.642857142857,1235.8214285714284,6.28318530717954,0,11130
371,13,831.9863887526197,672.186437452684,3.193952531149658,0,11130
371,14,1527.3619961867596,1396.1868183900717,2.548180707911717,0,11130
371,15,870.9969153516384,928.7927092230268,4.642575810304889,0,11130
381,1,853.3532593566354,810.9308663078154,4.136430327226585,0,11430
381,2,1386.5341668321867,1336.2126171873056,3.1066860685499424,0,11430
381,3,893.9142093712929,1092.08461144155,5.218534463463057,0,11430
381,4,1019.8977961318217,644.3187732448611,5.358160803622602,0,11430
381,5,1562.2708520194476,1275.3627503491798,3.9968039870669942,0,11430
381,6,1249.8343686092812,1327.0677531028034,3.0194196059501808,0,11430
381,7,916.9983375785005,1227.5119545508126,5.637413483941737,0,11430
381,8,1678.947393712123,1386.774490488447,3.4732052114687013,0,11430
381,9,913.2027140495384,1369.4568984901891,3.0194196059501808,0,11430
381,10,732.0544803237079,1377.8041676129192,2.635447170511479,0,11430
381,11,1637.514043118755,1123.5354092143918,3.2986722862692703,0,11430
381,12,759.9642857142856,1234.035714285714,6.28318530717954,0,11430
381,13,799.3855126840092,640.4562714918671,4.04916386462687,0,11430
381,14,1518.4334247581883,1408.686818390072,4.834562028024263,0,11430
381,15,879.3039294227267,933.9576566473722,4.555309347705173,0,11430
391,1,867.3516469186807,847.4872328652737,4.136430327226585,0,11730
391,2,1302.5795527154314,1403.1240825790744,3.6826447217080647,0,11730
391,3,1444.2467941559862,426.7464578216537,0.6632251157578457,0,11730
391,4,771.744024253515,775.6256795701047,3.525565089028577,0,11730
391,5,1577.449423448019,1241.4341789206087,3.9968039870669942,0,11730
391,6,1240.6331838974972,1304.2134881717384,3.0019663134302377,0,11730
391,7,868.7840518642149,1159.6548116936697,5.637413483941737,0,11730
391,8,1680.7331079978374,1384.9887762027327,3.4732052114687013,0,11730
391,9,917.6939506271625,1382.7744102591519,2.9670597283903515,0,11730
391,10,725.8779215905812,1380.4402203706459,2.635447170511479,0,11730
391,11,1440.4437271994032,1379.1600931940422,3.0194196059501808,0,11730
391,12,761.7499999999999,1234.035714285714,6.28318530717954,0,11730
391,13,1140.7049702995287,559.6644665070329,1.3439035240356811,0,11730
391,14,1548.61653143005,1381.4266093503127,6.230825429619711,0,11730
391,15,887.5499188929487,966.3605953030565,4.5727626402251165,0,11730
401,1,1082.5609507071802,661.8013538845589,0.22689280275930873,0,12030
401,2,1304.3652670011459,1414.7312254362173,3.6826447217080647,0,12030
401,3,1442.9519029241644,413.0004526960235,0.733038285837619,0,12030
401,4,771.5576522366322,798.095801311766,3.420845333908918,0,12030
401,5,1374.0816565044267,1065.5508748156283,4.886921905584092,0,12030
401,6,1239.5388120429927,1321.171332576726,3.089232776029953,0,12030
401,7,882.176909007072,1168.5833831222412,5.637413483941737,0,12030
401,8,1687.6428571428569,1380.4642857142856,3.4732052114687013,0,12030
401,9,916.0832617230591,1373.8000655487253,2.9496064358704084,0,12030
401,10,736.7162443951349,1383.8436163825713,2.635447170511479,0,12030
401,11,1589.3134080017371,1367.8829065294954,0.593411945678026,0,12030
401,12,708.7646433651355,1274.0679114315897,5.724679946541361,0,12030
401,13,1370.8292107218103,297.3143418524969,1.0995574287564747,0,12030
401,14,1465.0749695531827,1291.3040250486238,5.899212871740792,0,12030
401,15,872.4824677372046,1020.8977645578173,4.293509959906027,0,12030
411,1,1084.1697774579336,600.008617334596,0.0698131700798191,0,12330
411,2,1297.9728739635411,1425.3452944356143,3.717551306747951,0,12330
411,3,1432.9852430420242,425.47180099402135,0.9075712110370522,0,12330
411,4,733.755545442653,781.6741793959332,3.3161255787892596,0,12330
411,5,1388.7865276578032,1094.1120044821628,4.468042885105458,0,12330
411,6,1239.5388120429927,1321.171332576726,3.1066860685498963,0,12330
411,7,887.5340518642148,1167.690525979384,5.637413483941737,0,12330
411,8,1687.6428571428569,1380.4642857142856,3.4732052114687013,0,12330
411,9,951.0678957905768,1396.1659627840982,2.530727415391774,0,12330
411,10,736.7162443951349,1383.8436163825713,2.635447170511479,0,12330
411,11,1571.4346201818494,1333.442773809532,0.4188790204785928,0,12330
411,12,774.2633006632454,1240.381970390035,6.161012259539938,0,12330
411,13,1650.9290242547345,388.42786060087064,1.7278759594744342,0,12330
411,14,1460.6106838388969,1296.6611679057667,5.899212871740792,0,12330
411,15,855.7225029934933,999.2075632359312,4.066617157146767,0,12330
421,1,1095.7769203150765,598.2229030488817,0.0698131700798191,0,12630
421,2,1297.9728739635411,1425.3452944356143,3.717551306747951,0,12630
421,3,1429.4138144705955,422.79322956544996,0.9075712110370522,0,12630
421,4,775.7721304243959,774.415763108334,3.2812189937493734,0,12630
421,5,1250.230121375556,1093.5160637251208,4.555309347705173,0,12630
421,6,1235.986807529958,1324.8828389897803,3.1066860685498963,0,12630
421,7,875.6786234129588,1186.067987746242,5.65486677646168,0,12630
421,8,1688.535714285714,1383.1428571428569,3.4732052114687013,0,12630
421,9,951.0678957905768,1396.1659627840982,2.530727415391774,0,12630
421,10,704.6620589452459,1380.8032459981087,2.6005405854715926,0,12630
421,11,1576.9285714285713,1334.9285714285713,0.4188790204785928,0,12630
421,12,752.5769161370854,1228.9315538174867,6.248278722139654,0,12630
421,13,1690.4093442325961,760.4994663466671,3.2812189937493734,0,12630
421,14,1464.9465221816363,1309.3269367778898,6.161012259539938,0,12630
421,15,921.4466299219663,1030.7765909544373,4.468042885105458,0,12630
431,1,1079.5801943879042,542.9633113131486,0.3490658503989119,0,12930
431,2,1295.9003826147016,1415.6251494569117,3.7873644768277233,0,12930
431,3,1429.4138144705955,422.79322956544996,0.9075712110370522,0,12930
431,4,793.9628822621564,727.9305777545782,3.351032163829146,0,12930
431,5,1107.9220475077573,1143.790390724413,4.782202150464434,0,12930
431,6,1255.1370403102926,1315.3656730253545,3.228859116189498,0,12930
431,7,1430.6202759155094,1061.095553632608,5.65486677646168,0,12930
431,8,1728.2460162274244,1422.3703455397638,3.612831551628246,0,12930
431,9,955.0888282142633,1388.9630603582127,2.530727415391774,0,12930
431,10,712.2559991680861,1389.7633651260865,2.6005405854715926,0,12930
431,11,1633.8757162775362,1162.0392242169607,0.5410520681181961,0,12930
431,12,780.2554875656567,1232.5029823889154,6.248278722139654,0,12930
431,13,1575.3423421360321,1378.1175212567819,3.752457891787837,0,12930
431,14,1466.7322364673507,1315.5769367778898,6.161012259539938,0,12930
431,15,986.2155507951095,1007.4161568104076,4.59021593274506,0,12930
441,1,1073.3301943879042,545.6418827417201,0.3490658503989119,0,13230
441,2,1275.4841064560637,1417.949382503183,3.7873644768277233,0,13230
441,3,1422.2709573277384,417.43608670830713,0.9075712110370522,0,13230
441,4,878.9211690339919,901.3586337556051,3.76991118430778,0,13230
441,5,981.8638601613734,1014.2288518651596,4.328416544945913,0,13230
441,6,1252.1602186692419,1301.4332379296418,3.2986722862692703,0,13230
441,7,1435.6918716529283,1041.1718417017034,5.65486677646168,0,13230
441,8,1738.9603019417102,1417.013202682621,3.612831551628246,0,13230
441,9,955.0888282142633,1388.9630603582127,2.530727415391774,0,13230
441,10,712.2559991680861,1389.7633651260865,2.6005405854715926,0,13230
441,11,1413.9603995309112,1441.3131512647556,5.6548667764615885,0,13230
441,12,780.2554875656567,1232.5029823889154,6.248278722139654,0,13230
441,13,1586.3531413218668,1351.7276186564352,3.54301838154852,0,13230
441,14,1471.8709504871138,1309.527316664773,6.230825429619711,0,13230
441,15,919.7209334247128,1220.3989158276227,4.118977034706596,0,13230
451,1,976.8427820146088,562.877481871068,5.585053606381908,0,13530
451,2,1259.9514421735225,1429.3400677015998,4.293509959906073,0,13530
451,3,1426.7352430420242,432.61465813687846,0.9075712110370522,0,13530
451,4,878.9211690339919,901.3586337556051,3.76991118430778,0,13530
451,5,999.2079731077414,1008.6299835166616,4.625122517784946,0,13530
451,6,1238.7673615263848,1309.468952215356,3.2986722862692703,0,13530
451,7,1431.027282563268,1045.132957650983,5.65486677646168,0,13530
451,8,1731.488902055079,1418.5092802386612,3.6826447217080185,0,13530
451,9,957.4267778369571,1389.7517341539722,2.530727415391774,0,13530
451,10,712.2559991680861,1384.4062222689436,2.6005405854715926,0,13530
451,11,1390.7206272726305,1451.915123281884,5.410520681182385,0,13530
451,12,789.0272380279334,1218.6852729404648,6.213372137099768,0,13530
451,13,1586.3531413218668,1351.7276186564352,3.54301838154852,0,13530
451,14,1471.8709504871138,1309.527316664773,6.230825429619711,0,13530
451,15,894.8114926470619,1153.6998535519638,6.073745796940223,0,13530
461,1,986.1698071339954,581.6722939594935,5.602506898901851,0,13830
461,2,1279.1694702244035,1420.7866261375466,4.258603374866187,0,13830
461,3,1580.4543778500988,685.7911820002549,2.670353755551319,0,13830
461,4,878.9211690339919,901.3586337556051,3.76991118430778,0,13830
461,5,986.6392259976725,1016.6719754347114,4.5727626402251165,0,13830
461,6,1398.4950612640482,1326.7387415356668,2.7576202181510343,0,13830
461,7,1442.634425420411,1054.9543862224114,5.65486677646168,0,13830
461,8,1713.9336960448595,1366.4386864863154,3.3684854563490427,0,13830
461,9,945.5727747708042,1395.266906232511,2.530727415391774,0,13830
461,10,717.613142025229,1376.3705079832293,2.6005405854715926,0,13830
461,11,1024.6391319576487,1303.8368402496317,5.201081170943068,0,13830
461,12,796.6915650862641,1223.6954874775474,0.17453292519938654,0,13830
461,13,1585.9593783478902,1359.8132463512877,3.385938748869032,0,13830
461,14,1268.5475140790631,836.7597181628921,0.12217304763955666,0,13830
461,15,1363.9328013096074,1163.2642723905833,1.797689129554115,0,13830
471,1,979.0269499911383,567.3865796737792,5.619960191421794,0,14130
471,2,1264.883755938689,1422.572340423261,4.258603374866187,0,14130
471,3,1607.7414123129138,1359.8637405810955,3.6651914291880754,0,14130
471,4,878.0975548678617,888.8200539434303,3.76991118430778,0,14130
471,5,941.7260617355088,1024.0558837122535,3.5430183815484737,0,14130
471,6,1402.2873765554366,1371.3270339882054,2.862339973270693,0,14130
471,7,1604.7588603384604,1129.4852150327547,1.8500490071140367,0,14130
471,8,1747.003842708463,1426.641850543553,3.3161255787892134,0,14130
471,9,940.7715990060635,1389.112370980521,2.3387411976724,0,14130
471,10,724.0923008261932,1386.1276185664651,2.4260076602721616,0,14130
471,11,1016.6034176719345,1306.5154116782032,5.201081170943068,0,14130
471,12,801.1558508005497,1220.1240589061188,0.17453292519938654,0,14130
471,13,1542.4820239613834,1361.0297133163194,3.2812189937493734,0,14130
471,14,1206.377751264342,733.4613991551129,4.380776422505742,0,14130
471,15,1385.3223816628602,1142.5344823222017,1.7104226669543985,0,14130
481,1,976.4350596925333,565.7583090435406,5.619960191421794,0,14430
481,2,1255.4304173798955,1420.4183226181399,4.223696789826301,0,14430
481,3,1642.6119221469696,1344.730612426245,3.2812189937493272,0,14430
481,4,890.9118813330319,895.5090084591253,3.76991118430778,0,14430
481,5,1379.7607900699077,1283.023319081894,1.3089969389957483,0,14430
481,6,1400.5016622697224,1362.398462559634,3.0019663134302377,0,14430
481,7,1639.9549771389084,1101.732444072358,1.640609496874717,0,14430
481,8,1741.2776840034983,1418.0513918039505,3.385938748868986,0,14430
481,9,953.2715990060635,1405.1837995519495,2.3387411976724,0,14430
481,10,733.2676917189506,1375.405043550434,2.5656340004317064,0,14430
481,11,1003.2645124765802,1295.9618434607873,5.305800926062727,0,14430
481,12,796.9770856252649,1214.882091248541,0.17453292519938654,0,14430
481,13,1538.0177382470977,1335.1368561734623,3.2812189937493734,0,14430
481,14,1200.127751264342,737.9256848693985,4.380776422505742,0,14430
481,15,1392.4550108757692,1128.9250043576662,1.6929693744344552,0,14430
491,1,996.2809418257583,534.7679469874789,0.6981317007977776,0,14730
491,2,1253.6447030941813,1424.8826083324257,4.223696789826301,0,14730
491,3,1644.397636432684,1405.4448981405303,3.036872898470124,0,14730
491,4,881.2141380888952,957.066982087955,4.118977034706642,0,14730
491,5,1518.4768745443437,1184.0383887376559,1.239183768915975,0,14730
491,6,1407.6143483084495,1369.5121976106573,3.0194196059501808,0,14730
491,7,1647.0978342817655,1097.2681583580722,1.640609496874717,0,14730
491,8,1739.337866728163,1340.1784535764987,3.089232776029953,0,14730
491,9,952.3656730323082,1400.9124922534772,2.4783675378319447,0,14730
491,10,733.2676917189506,1375.405043550434,2.5656340004317064,0,14730
491,11,1003.2645124765802,1295.9618434607873,5.305800926062727,0,14730
491,12,801.3251526674238,1231.9184890544798,0.17453292519938654,0,14730
491,13,1609.0544621146091,1346.7793916558462,3.3161255787892596,0,14730
491,14,981.5279805947554,1093.384811038052,4.066617157146767,0,14730
491,15,1175.346572458593,1238.5223538043792,5.061454830783523,0,14730
501,1,992.9999999999999,542.9642857142858,0.6981317007977776,0,15030
501,2,1254.5375602370382,1419.5254654752825,4.223696789826301,0,15030
501,3,1660.1453091509925,1409.6475275698224,2.0420352248333673,0,15030
501,4,872.2834172312839,957.9619886598571,3.735004599267894,0,15030
501,5,1558.2518160609482,771.0734817270024,0.052359877559829626,0,15030
501,6,1416.2142857142858,1371.5357142857142,3.0194196059501808,0,15030
501,7,1647.0978342817655,1097.2681583580722,1.640609496874717,0,15030
501,8,1721.062983479352,1294.7060051718718,4.799655442984377,0,15030
501,9,927.945777608661,1368.5910264817987,2.6179938779914895,0,15030
501,10,727.9105488618077,1378.0836149790055,2.5656340004317064,0,15030
501,11,990.2277628898391,1280.7242691299573,5.218534463463011,0,15030
501,12,782.7730881774464,1223.2135251487266,0.06981317007972679,0,15030
501,13,1560.8630299419665,1274.0915235357634,3.420845333908918,0,15030
501,14,899.0496777239397,767.8345587369001,4.625122517784946,0,15030
501,15,926.9873782364429,1142.5992588022168,5.619960191421702,0,15030
511,1,981.3928571428569,558.1428571428572,0.6806784082778343,0,15330
511,2,1255.4304173798955,1419.5254654752828,4.223696789826301,0,15330
511,3,1680.705657314873,1368.7083111525603,1.291543646475805,0,15330
511,4,864.2269313807865,949.6878357618244,3.8746309394274387,0,15330
511,5,1543.2110756563175,445.06080097409534,0.052359877559829626,0,15330
511,6,1411.7499999999998,1367.0714285714284,3.0194196059501808,0,15330
511,7,1674.2209485586047,1073.9830858874375,1.6231562043547736,0,15330
511,8,1652.312983479352,1197.3845766004433,4.799655442984377,0,15330
511,9,931.1283726556305,1362.6070707346666,3.246312408709441,0,15330
511,10,732.4450443008074,1381.0721979465472,2.5830872929516495,0,15330
511,11,1107.0285794090614,1430.1392420087834,1.2217304763959855,0,15330
511,12,782.7730881774464,1223.2135251487266,0.06981317007972679,0,15330
511,13,1543.6813471612822,1325.7365548053403,3.3161255787892596,0,15330
511,14,872.2205327629931,774.4999788946142,4.625122517784946,0,15330
511,15,949.6732009523915,1178.8874240072644,5.637413483941645,0,15330
521,1,997.6846280926454,535.6403849327128,0.6806784082778343,0,15630
521,2,1262.5732745227526,1412.3826083324257,4.223696789826301,0,15630
521,3,1678.5855032071097,1360.5870989297127,1.291543646475805,0,15630
521,4,867.798359952215,959.509264333253,3.8746309394274387,0,15630
521,5,1543.2110756563175,445.06080097409534,0.052359877559829626,0,15630
521,6,1403.7142857142856,1367.0714285714284,3.0194196059501808,0,15630
521,7,1672.4352342728905,1086.4830858874375,1.6231562043547736,0,15630
521,8,1565.325917366622,1154.8200267073112,5.026548245743637,0,15630
521,9,923.0351935830731,1348.09284102846,3.246312408709441,0,15630
521,10,724.4093300150931,1374.8221979465472,2.5830872929516495,0,15630
521,11,1107.4561767291564,1420.0625384590276,1.2915436464757588,0,15630
521,12,782.7730881774464,1223.2135251487266,0.06981317007972679,0,15630
521,13,1545.4670614469965,1343.5936976624832,3.3161255787892596,0,15630
521,14,806.7209692214365,786.5719189286602,3.5430183815484737,0,15630
521,15,949.6732009523915,1178.8874240072644,5.637413483941645,0,15630
531,1,1358.7781681183005,1167.9061939276805,3.176499238629714,0,15930
531,2,1245.608736113708,1414.7109882194684,4.328416544945959,0,15930
531,3,1681.1921510807988,1362.4457749676321,1.3089969389957483,0,15930
531,4,883.8899111508576,949.731874783051,4.0142572795869835,0,15930
531,5,1543.2110756563175,445.06080097409534,0.052359877559829626,0,15930
531,6,1407.181485381071,1377.4244368396014,3.0194196059501808,0,15930
531,7,1670.6495199871763,1090.0545144588662,1.6231562043547736,0,15930
531,8,1546.62076358473,1170.9247492049444,4.956735075663865,0,15930
531,9,920.567907627672,1342.5111654614066,3.246312408709441,0,15930
531,10,727.9807585865217,1374.8221979465472,2.5830872929516495,0,15930
531,11,1098.9194870811211,1417.2973337043222,1.6057029118347386,0,15930
531,12,781.8802310345893,1215.1778108630124,0.06981317007972679,0,15930
531,13,1542.7884900184251,1344.4865548053403,3.3161255787892596,0,15930
531,14,806.7209692214365,786.5719189286602,3.5430183815484737,0,15930
531,15,952.2733866697344,1168.835466512324,5.689773361501475,0,15930
541,1,1437.8060454467545,1233.8822091141442,2.617993877991535,0,16230
541,2,1260.7873075422792,1411.13955964804,4.328416544945959,0,16230
541,3,1680.3991659294054,1362.9638875157386,1.3089969389957483,0,16230
541,4,876.0478685630978,955.662622485856,3.752457891787837,0,16230
541,5,1544.9209407931253,448.53466913992094,0.052359877559829626,0,16230
541,6,1411.4032567293398,1368.8201263415579,2.687807048071262,0,16230
541,7,1670.6495199871763,1083.804514458866,1.6231562043547736,0,16230
541,8,1530.2130363835731,1122.181214220589,5.585053606381816,0,16230
541,9,923.9643858167907,1356.918808543816,3.403392041388929,0,16230
541,10,727.9807585865217,1374.8221979465472,2.5830872929516495,0,16230
541,11,1106.7700725574184,1428.2394897038148,1.2566370614358722,0,16230
541,12,797.951659606018,1220.5349537201553,6.213372137099768,0,16230
541,13,1542.7884900184251,1344.4865548053403,3.3161255787892596,0,16230
541,14,803.7142857142857,789.3928571428571,3.5430183815484737,0,16230
541,15,957.3841926730792,1166.489227689791,5.969026041820564,0,16230
551,1,1469.6830876711524,1251.997599111327,2.495820830351933,0,16530
551,2,1260.3063181822495,1415.2945975136993,4.0142572795869835,0,16530
551,3,1677.519806211754,1354.4233577707323,1.2217304763960317,0,16530
551,4,884.2339721155215,1014.5053289504831,3.76991118430778,0,16530
551,5,1539.4285714285716,448.3214285714286,6.195918844579871,0,16530
551,6,1416.7603995864827,1371.4986977701294,2.687807048071262,0,16530
551,7,1676.9293299026149,1085.4782885220984,1.3962634015955104,0,16530
551,8,1530.2130363835731,1115.038357077732,5.585053606381816,0,16530
551,9,915.9286715310764,1371.2045228295306,3.403392041388929,0,16530
551,10,731.6408118163399,1344.2694546517064,2.5830872929516495,0,16530
551,11,1098.3558261674286,1421.7894427265426,1.4486232791552487,0,16530
551,12,798.9169430705244,1227.950227311146,6.265732014659597,0,16530
551,13,1546.3599185898536,1343.5936976624832,3.3161255787892596,0,16530
551,14,803.7142857142857,789.3928571428571,3.5430183815484737,0,16530
551,15,959.0886542620817,1203.0483811918134,5.934119456780678,0,16530
561,1,1441.111659099724,1238.60474196847,2.495820830351933,0,16830
561,2,1262.6428571428569,1415.2857142857142,4.0142572795869835,0,16830
561,3,1700.042651565418,1357.6387857495063,1.0122909661567119,0,16830
561,4,884.2339721155215,1014.5053289504831,3.76991118430778,0,16830
561,5,1630.5463856150704,963.4212528323249,3.1590459461097256,0,16830
561,6,1411.0398742540956,1381.708786948256,2.687807048071262,0,16830
561,7,1732.1450618658464,1024.9505726270359,0.6457718232379477,0,16830
561,8,1523.070179240716,1133.7883570777321,5.585053606381816,0,16830
561,9,931.3351184065276,1377.0410511003993,3.420845333908872,0,16830
561,10,727.9700604286585,1384.9333283882784,2.3561944901923892,0,16830
561,11,1076.286779574271,1403.8962681198284,0.6632251157577993,0,16830
561,12,799.8098002133815,1227.950227311146,6.265732014659597,0,16830
561,13,1550.8242043041391,1322.165126233912,3.3161255787892596,0,16830
561,14,803.7142857142857,789.3928571428571,3.5430183815484737,0,16830
561,15,994.0023774316927,1207.8614133177994,5.637413483941645,0,16830
571,1,1446.715382045737,1239.971554446625,2.3387411976724453,0,17130
571,2,1244.081742199185,910.5914971689552,0.4537856055185259,0,17130
571,3,1711.9629101027215,1232.7728818516468,6.126105674500098,0,17130
571,4,884.2339721155215,1014.5053289504831,3.76991118430778,0,17130
571,5,1612.1632845546824,1048.3753223294325,3.2986722862692703,0,17130
571,6,1402.111302825524,1370.101644091113,2.687807048071262,0,17130
571,7,1654.49295071953,805.437253568603,5.183627878423216,0,17130
571,8,1485.5701792407158,1072.1812142205895,5.585053606381816,0,17130
571,9,981.6914624558216,1375.3711237618172,3.6651914291880754,0,17130
571,10,829.2737556267921,1318.4257844423814,1.0471975511966447,0,17130
571,11,1093.500383584637,1414.428949736127,0.977384381116779,0,17130
571,12,755.8390339738796,1241.9331900239463,4.3982297150256855,0,17130
571,13,1549.038490018425,1337.3436976624835,3.3161255787892596,0,17130
571,14,803.7142857142857,789.3928571428571,3.5430183815484737,0,17130
571,15,1006.8272774928889,1182.9361257118899,5.864306286700906,0,17130
581,1,1453.193441008162,1238.5662224809334,2.3387411976724453,0,17430
581,2,1371.5541713348298,772.1814417578414,0.9773843811168255,0,17430
581,3,1711.9629101027215,1232.7728818516468,6.126105674500098,0,17430
581,4,873.9830722851785,1024.6777559992984,5.532693728822078,0,17430
581,5,1613.6286545282956,1050.0220207491807,3.263765701229384,0,17430
581,6,1403.8970171112383,1379.923072662542,2.687807048071262,0,17430
581,7,1659.8500935766729,800.0801107114601,5.183627878423216,0,17430
581,8,1482.0476354369205,1075.946468081514,5.585053606381816,0,17430
581,9,992.6590254844277,1398.037970670918,3.560471674068417,0,17430
581,10,915.3170152145117,1321.258630980794,1.2915436464758512,0,17430
581,11,1139.2186771014867,1386.4599571463214,0.9424777960768924,0,17430
581,12,800.9975328212608,1220.2188724521436,4.3982297150256855,0,17430
581,13,1558.8599185898534,1343.5936976624835,3.3161255787892596,0,17430
581,14,817.3451334986909,784.1485684876147,3.438298626428815,0,17430
581,15,936.4317010668093,1188.5454121632843,5.707226654021418,0,17430
591,1,1460.3650375373936,1240.4715951369456,2.3387411976724453,0,17730
591,2,1371.5541713348298,772.1814417578414,0.9773843811168255,0,17730
591,3,1706.5798915149367,1225.760913144193,6.1435589670200415,0,17730
591,4,890.3760458270572,1054.6347326697412,5.096361415823501,0,17730
591,5,1610.4157815838337,1047.520346295499,3.4906585039886444,0,17730
591,6,1400.7368816129592,1380.6153287701727,2.687807048071262,0,17730
591,7,1659.3919113427714,799.6027281604634,5.183627878423216,0,17730
591,8,1482.1228623329266,926.0579069474783,0.19198621771932983,0,17730
591,9,930.3454448781764,1404.4372538055227,4.555309347705173,0,17730
591,10,1348.9036594978434,1236.5728093548885,1.2915436464758512,0,17730
591,11,1139.2186771014867,1386.4599571463214,0.9424777960768924,0,17730
591,12,758.806610873408,1298.0755949847967,3.2986722862692703,0,17730
591,13,1559.9664184883864,1341.316117480852,3.228859116189544,0,17730
591,14,809.6002935939258,787.2072289348423,3.57792496658836,0,17730
591,15,891.4241341177814,1203.3799605967833,6.143558967019995,0,17730
601,1,1460.3650375373936,1240.4715951369456,2.3387411976724453,0,18030
601,2,1371.5541713348298,772.1814417578414,0.9773843811168255,0,18030
601,3,1703.9013200863653,1212.3680560013358,6.1435589670200415,0,18030
601,4,887.8023906876791,1067.965349862022,5.0265482457437285,0,18030
601,5,1615.3055766485575,1032.8717105758576,3.403392041388975,0,18030
601,6,1400.7368816129592,1368.1153287701727,2.687807048071262,0,18030
601,7,1659.3919113427714,799.6027281604634,5.183627878423216,0,18030
601,8,1479.1483506056154,927.543463178097,0.19198621771932983,0,18030
601,9,924.2499999999999,1403.6785714285713,4.555309347705173,0,18030
601,10,1359.0714285714284,1248.3214285714284,1.2915436464758512,0,18030
601,11,1146.1428961244883,1391.6431256666679,0.9424777960768924,0,18030
601,12,763.297567998259,1299.7871034276836,3.1939525311496118,0,18030
601,13,1585.0449419709046,1346.7571658281447,3.525565089028577,0,18030
601,14,807.8145793082115,792.5643717919852,3.57792496658836,0,18030
601,15,908.3884198320671,1270.3442463110691,6.143558967019995,0,18030
611,1,1460.3650375373936,1240.4715951369456,2.3387411976724453,0,18330
611,2,1371.5541713348298,772.1814417578414,0.9599310885968821,0,18330
611,3,1698.1559622583889,1218.870080997252,6.213372137099814,0,18330
611,4,874.4217644645871,1061.6664261829615,5.0265482457437285,0,18330
611,5,1613.9571774629617,1036.6594755651374,3.1241393610698394,0,18330
611,6,1397.1204354504102,1380.510442818581,2.705260340591205,0,18330
611,7,1306.0733140528637,621.6245815685677,4.6774823953448665,0,18330
611,8,1486.6534480924158,902.0291466089682,0.10471975511961337,0,18330
611,9,966.2451435211897,1421.8392127679108,4.782202150464434,0,18330
611,10,1350.0524975566534,1249.9188704795497,1.2915436464758512,0,18330
611,11,1141.9603718199608,1386.8243639921723,0.9424777960768924,0,18330
611,12,822.9547014275404,1382.1557636992711,1.9722220547535945,0,18330
611,13,1567.840791686943,1363.904728214078,3.525565089028577,0,18330
611,14,812.997840210734,794.4224071254652,3.5430183815484737,0,18330
611,15,918.194387802512,1242.660116589221,5.951572749300621,0,18330
